month,line,division,day_type,num_on_time_trips,num_sched_trips,terminal_on_time_performance
2015-01,1,A DIVISION,1,6874,9017,0.762337806
2015-01,2,A DIVISION,1,2920,6175,0.472874494
2015-01,3,A DIVISION,1,4004,5834,0.686321563
2015-01,4,A DIVISION,1,3692,7623,0.484323757
2015-01,5,A DIVISION,1,3203,6491,0.493452473
2015-01,6,A DIVISION,1,5967,11509,0.518463811
2015-01,7,A DIVISION,1,10595,12322,0.859844181
2015-01,S 42nd,A DIVISION,1,11592,11834,0.979550448
2015-01,A,B DIVISION,1,4956,7327,0.676402347
2015-01,B,B DIVISION,1,3164,4120,0.767961165
2015-01,C,B DIVISION,1,3359,4000,0.83975
2015-01,D,B DIVISION,1,4022,5288,0.760590015
2015-01,E,B DIVISION,1,5453,7894,0.690777806
2015-01,F,B DIVISION,1,4597,7939,0.579040181
2015-01,G,B DIVISION,1,3961,5664,0.699329096
2015-01,JZ,B DIVISION,1,4374,5444,0.803453343
2015-01,L,B DIVISION,1,9109,9808,0.928731648
2015-01,M,B DIVISION,1,3761,5315,0.707619944
2015-01,N,B DIVISION,1,3601,5259,0.684730937
2015-01,Q,B DIVISION,1,3737,5348,0.698765894
2015-01,R,B DIVISION,1,3506,5670,0.618342152
2015-01,S Fkln,B DIVISION,1,2337,2354,0.99277825
2015-01,S Rock,B DIVISION,1,3203,3358,0.953841572
2015-01,Systemwide,Systemwide,1,111987,155593,0.719743176
2015-02,1,A DIVISION,1,6067,8579,0.70719198
2015-02,2,A DIVISION,1,2185,5901,0.370276224
2015-02,3,A DIVISION,1,3300,5618,0.58739765
2015-02,4,A DIVISION,1,3061,7201,0.42507985
2015-02,5,A DIVISION,1,2489,6172,0.403272845
2015-02,6,A DIVISION,1,4255,10630,0.40028222
2015-02,7,A DIVISION,1,9057,11727,0.772320287
2015-02,S 42nd,A DIVISION,1,11149,11192,0.99615797
2015-02,A,B DIVISION,1,4390,6970,0.629842181
2015-02,B,B DIVISION,1,2678,3914,0.684210526
2015-02,C,B DIVISION,1,2983,3800,0.785
2015-02,D,B DIVISION,1,3404,5063,0.672328659
2015-02,E,B DIVISION,1,5197,7512,0.691826411
2015-02,F,B DIVISION,1,3963,7465,0.530877428
2015-02,G,B DIVISION,1,3735,5371,0.695401229
2015-02,JZ,B DIVISION,1,3750,5193,0.722125939
2015-02,L,B DIVISION,1,8216,9505,0.864387165
2015-02,M,B DIVISION,1,3324,5054,0.657696874
2015-02,N,B DIVISION,1,3104,5054,0.614166996
2015-02,Q,B DIVISION,1,3433,5089,0.674592258
2015-02,R,B DIVISION,1,3103,5371,0.577732266
2015-02,S Fkln,B DIVISION,1,2223,2242,0.991525424
2015-02,S Rock,B DIVISION,1,3009,3195,0.941784038
2015-02,Systemwide,Systemwide,1,98075,147818,0.663484826
2015-03,1,A DIVISION,1,7435,9929,0.748816598
2015-03,2,A DIVISION,1,3138,7213,0.43504783
2015-03,3,A DIVISION,1,4015,6304,0.636897208
2015-03,4,A DIVISION,1,3218,8076,0.398464586
2015-03,5,A DIVISION,1,2776,7145,0.388523443
2015-03,6,A DIVISION,1,4931,12246,0.402662094
2015-03,7,A DIVISION,1,10949,13571,0.806793899
2015-03,S 42nd,A DIVISION,1,13226,13290,0.995184349
2015-03,A,B DIVISION,1,5271,8040,0.655597015
2015-03,B,B DIVISION,1,3605,4525,0.796685083
2015-03,C,B DIVISION,1,3521,4400,0.800227273
2015-03,D,B DIVISION,1,4460,5793,0.769894701
2015-03,E,B DIVISION,1,6199,8692,0.713184538
2015-03,F,B DIVISION,1,4844,8450,0.573254438
2015-03,G,B DIVISION,1,3856,6093,0.632857377
2015-03,JZ,B DIVISION,1,4816,5996,0.803202135
2015-03,L,B DIVISION,1,10286,11187,0.919460088
2015-03,M,B DIVISION,1,3945,5852,0.674128503
2015-03,N,B DIVISION,1,4222,5852,0.721462748
2015-03,Q,B DIVISION,1,4474,5891,0.759463589
2015-03,R,B DIVISION,1,3612,6248,0.578104994
2015-03,S Fkln,B DIVISION,1,2572,2596,0.990755008
2015-03,S Rock,B DIVISION,1,3530,3701,0.953796271
2015-03,Systemwide,Systemwide,1,118901,171090,0.694961716
2015-04,1,A DIVISION,1,7690,9932,0.774265002
2015-04,2,A DIVISION,1,3290,7054,0.466402041
2015-04,3,A DIVISION,1,4494,6704,0.670346062
2015-04,4,A DIVISION,1,3541,8080,0.438242574
2015-04,5,A DIVISION,1,3237,7332,0.441489362
2015-04,6,A DIVISION,1,5109,12252,0.416993144
2015-04,7,A DIVISION,1,10597,13293,0.797186489
2015-04,S 42nd,A DIVISION,1,12780,12875,0.992621359
2015-04,A,B DIVISION,1,5750,8070,0.712515489
2015-04,B,B DIVISION,1,3694,4532,0.815092674
2015-04,C,B DIVISION,1,3737,4353,0.858488399
2015-04,D,B DIVISION,1,4568,5826,0.784071404
2015-04,E,B DIVISION,1,6230,8696,0.716421343
2015-04,F,B DIVISION,1,5582,8962,0.622852042
2015-04,G,B DIVISION,1,3999,6164,0.648767034
2015-04,JZ,B DIVISION,1,4770,5998,0.795265088
2015-04,L,B DIVISION,1,9972,10792,0.924017791
2015-04,M,B DIVISION,1,4247,5852,0.725734792
2015-04,N,B DIVISION,1,4294,5882,0.730023801
2015-04,Q,B DIVISION,1,4613,5892,0.782926001
2015-04,R,B DIVISION,1,3759,6248,0.601632522
2015-04,S Fkln,B DIVISION,1,2584,2588,0.998454405
2015-04,S Rock,B DIVISION,1,3556,3700,0.961081081
2015-04,Systemwide,Systemwide,1,122093,171077,0.713672791
2015-05,1,A DIVISION,1,7104,9031,0.786623851
2015-05,2,A DIVISION,1,2740,6185,0.443007276
2015-05,3,A DIVISION,1,4087,6092,0.670879842
2015-05,4,A DIVISION,1,3058,7348,0.416167665
2015-05,5,A DIVISION,1,2663,6624,0.402022947
2015-05,6,A DIVISION,1,5603,11210,0.499821588
2015-05,7,A DIVISION,1,10280,12345,0.8327258
2015-05,S 42nd,A DIVISION,1,11295,11640,0.970360825
2015-05,A,B DIVISION,1,4963,7369,0.673497082
2015-05,B,B DIVISION,1,3178,4120,0.771359223
2015-05,C,B DIVISION,1,3177,4000,0.79425
2015-05,D,B DIVISION,1,3979,5297,0.751179913
2015-05,E,B DIVISION,1,5281,7908,0.667804755
2015-05,F,B DIVISION,1,4630,7789,0.59442804
2015-05,G,B DIVISION,1,3741,5603,0.66767803
2015-05,JZ,B DIVISION,1,3935,5454,0.721488816
2015-05,L,B DIVISION,1,9561,10036,0.952670387
2015-05,M,B DIVISION,1,3614,5320,0.679323308
2015-05,N,B DIVISION,1,3450,5320,0.648496241
2015-05,Q,B DIVISION,1,3922,5732,0.68422889
2015-05,R,B DIVISION,1,3142,5680,0.553169014
2015-05,S Fkln,B DIVISION,1,2360,2360,1
2015-05,S Rock,B DIVISION,1,3150,3334,0.944811038
2015-05,Systemwide,Systemwide,1,108913,155797,0.699069944
2015-06,1,A DIVISION,1,8011,9929,0.806828482
2015-06,2,A DIVISION,1,2916,6834,0.426690079
2015-06,3,A DIVISION,1,4469,6508,0.686693301
2015-06,4,A DIVISION,1,3566,8271,0.431144964
2015-06,5,A DIVISION,1,2884,7145,0.403638908
2015-06,6,A DIVISION,1,5923,12491,0.474181411
2015-06,7,A DIVISION,1,11459,13571,0.844374033
2015-06,S 42nd,A DIVISION,1,12594,12870,0.978554779
2015-06,A,B DIVISION,1,5429,8069,0.672821911
2015-06,B,B DIVISION,1,3486,4532,0.769196823
2015-06,C,B DIVISION,1,3502,4400,0.795909091
2015-06,D,B DIVISION,1,4276,5825,0.734077253
2015-06,E,B DIVISION,1,6265,8692,0.720777727
2015-06,F,B DIVISION,1,5033,8374,0.601026988
2015-06,G,B DIVISION,1,3888,6165,0.630656934
2015-06,JZ,B DIVISION,1,4071,6005,0.677935054
2015-06,L,B DIVISION,1,9816,10843,0.905284515
2015-06,M,B DIVISION,1,4096,5852,0.699931647
2015-06,N,B DIVISION,1,3769,5852,0.644053315
2015-06,Q,B DIVISION,1,4162,5891,0.706501443
2015-06,R,B DIVISION,1,3475,6248,0.556177977
2015-06,S Fkln,B DIVISION,1,2593,2596,0.998844376
2015-06,S Rock,B DIVISION,1,3553,3701,0.960010808
2015-06,Systemwide,Systemwide,1,119236,170664,0.698659354
2015-07,1,A DIVISION,1,7293,9932,0.734293194
2015-07,2,A DIVISION,1,2868,6929,0.413912541
2015-07,3,A DIVISION,1,4310,6564,0.656611822
2015-07,4,A DIVISION,1,3456,8084,0.427511133
2015-07,5,A DIVISION,1,2739,7078,0.386973721
2015-07,6,A DIVISION,1,6118,12248,0.499510124
2015-07,7,A DIVISION,1,11379,13576,0.838170301
2015-07,S 42nd,A DIVISION,1,12801,12872,0.994484152
2015-07,A,B DIVISION,1,5336,8228,0.648517258
2015-07,B,B DIVISION,1,3435,4532,0.757943513
2015-07,C,B DIVISION,1,3407,4400,0.774318182
2015-07,D,B DIVISION,1,4242,5826,0.728115345
2015-07,E,B DIVISION,1,5962,8696,0.685602576
2015-07,F,B DIVISION,1,4783,8380,0.570763723
2015-07,G,B DIVISION,1,3973,6164,0.644548994
2015-07,JZ,B DIVISION,1,4460,6010,0.742096506
2015-07,L,B DIVISION,1,9774,10802,0.904832438
2015-07,M,B DIVISION,1,4090,5852,0.698906357
2015-07,N,B DIVISION,1,4230,6221,0.679954991
2015-07,Q,B DIVISION,1,4108,5892,0.697216565
2015-07,R,B DIVISION,1,3740,6248,0.598591549
2015-07,S Fkln,B DIVISION,1,2587,2596,0.996533128
2015-07,S Rock,B DIVISION,1,3523,3700,0.952162162
2015-07,Systemwide,Systemwide,1,118614,170830,0.694339402
2015-08,1,A DIVISION,1,7575,9477,0.799303577
2015-08,2,A DIVISION,1,2648,6533,0.405326802
2015-08,3,A DIVISION,1,3880,6046,0.641746609
2015-08,4,A DIVISION,1,3430,7713,0.444703747
2015-08,5,A DIVISION,1,2361,6789,0.347768449
2015-08,6,A DIVISION,1,6547,11683,0.560386887
2015-08,7,A DIVISION,1,11418,12953,0.881494634
2015-08,S 42nd,A DIVISION,1,12764,12843,0.993848789
2015-08,A,B DIVISION,1,5204,7702,0.675668657
2015-08,B,B DIVISION,1,3386,4326,0.7827092
2015-08,C,B DIVISION,1,3549,4200,0.845
2015-08,D,B DIVISION,1,4083,5470,0.746435101
2015-08,E,B DIVISION,1,5943,8296,0.716369335
2015-08,F,B DIVISION,1,4607,7992,0.576451451
2015-08,G,B DIVISION,1,3940,5885,0.669498726
2015-08,JZ,B DIVISION,1,4421,5738,0.770477518
2015-08,L,B DIVISION,1,9867,10603,0.930585683
2015-08,M,B DIVISION,1,3855,5586,0.690118153
2015-08,N,B DIVISION,1,3733,5586,0.668277837
2015-08,Q,B DIVISION,1,4245,5623,0.754935088
2015-08,R,B DIVISION,1,3798,5964,0.636820926
2015-08,S Fkln,B DIVISION,1,2469,2478,0.996368039
2015-08,S Rock,B DIVISION,1,3380,3533,0.956694028
2015-08,Systemwide,Systemwide,1,117103,163019,0.71833958
2015-09,1,A DIVISION,1,7435,9451,0.786689239
2015-09,2,A DIVISION,1,2957,6517,0.453736382
2015-09,3,A DIVISION,1,4255,6398,0.665051579
2015-09,4,A DIVISION,1,3453,7875,0.43847619
2015-09,5,A DIVISION,1,2602,6822,0.381413075
2015-09,6,A DIVISION,1,5278,11725,0.450149254
2015-09,7,A DIVISION,1,10554,12963,0.814163388
2015-09,S 42nd,A DIVISION,1,12197,12291,0.992352128
2015-09,A,B DIVISION,1,4993,8030,0.621793275
2015-09,B,B DIVISION,1,3514,4326,0.812297735
2015-09,C,B DIVISION,1,3062,4200,0.729047619
2015-09,D,B DIVISION,1,4124,5562,0.741459907
2015-09,E,B DIVISION,1,5397,8304,0.649927746
2015-09,F,B DIVISION,1,4541,8004,0.567341329
2015-09,G,B DIVISION,1,4066,6018,0.675639747
2015-09,JZ,B DIVISION,1,4026,5736,0.701882845
2015-09,L,B DIVISION,1,10082,10644,0.947200301
2015-09,M,B DIVISION,1,4138,5586,0.740780523
2015-09,N,B DIVISION,1,3719,5586,0.665771572
2015-09,Q,B DIVISION,1,4395,5625,0.781333333
2015-09,R,B DIVISION,1,3755,5964,0.629610999
2015-09,S Fkln,B DIVISION,1,2475,2478,0.998789346
2015-09,S Rock,B DIVISION,1,3385,3514,0.963289698
2015-09,Systemwide,Systemwide,1,114403,163619,0.699203638
2015-10,1,A DIVISION,1,7194,9932,0.724325413
2015-10,2,A DIVISION,1,2794,6804,0.4106408
2015-10,3,A DIVISION,1,4131,6704,0.616199284
2015-10,4,A DIVISION,1,3411,8264,0.412754114
2015-10,5,A DIVISION,1,2561,7106,0.360399662
2015-10,6,A DIVISION,1,4617,12248,0.376959504
2015-10,7,A DIVISION,1,11688,13576,0.860931055
2015-10,S 42nd,A DIVISION,1,12635,12873,0.981511691
2015-10,A,B DIVISION,1,5203,8323,0.625135168
2015-10,B,B DIVISION,1,3648,4532,0.80494263
2015-10,C,B DIVISION,1,3219,4362,0.737964237
2015-10,D,B DIVISION,1,4274,5826,0.733607964
2015-10,E,B DIVISION,1,5555,8696,0.638799448
2015-10,F,B DIVISION,1,4493,8380,0.536157518
2015-10,G,B DIVISION,1,4029,6164,0.653634004
2015-10,JZ,B DIVISION,1,3972,6010,0.660898502
2015-10,L,B DIVISION,1,9713,10802,0.899185336
2015-10,M,B DIVISION,1,4038,5852,0.690020506
2015-10,N,B DIVISION,1,3925,5852,0.670710868
2015-10,Q,B DIVISION,1,4357,5892,0.739477257
2015-10,R,B DIVISION,1,3670,6248,0.587387964
2015-10,S Fkln,B DIVISION,1,2566,2596,0.98844376
2015-10,S Rock,B DIVISION,1,3533,3668,0.963195202
2015-10,Systemwide,Systemwide,1,115226,170710,0.674980962
2015-11,1,A DIVISION,1,6798,9025,0.753240997
2015-11,2,A DIVISION,1,2576,6180,0.416828479
2015-11,3,A DIVISION,1,3878,5896,0.657734057
2015-11,4,A DIVISION,1,3205,7504,0.427105544
2015-11,5,A DIVISION,1,2524,6495,0.38860662
2015-11,6,A DIVISION,1,5032,11316,0.444680099
2015-11,7,A DIVISION,1,10250,12396,0.826879639
2015-11,S 42nd,A DIVISION,1,11794,11851,0.995190279
2015-11,A,B DIVISION,1,4938,7365,0.670468432
2015-11,B,B DIVISION,1,2649,4120,0.642961165
2015-11,C,B DIVISION,1,2961,3936,0.752286585
2015-11,D,B DIVISION,1,3761,5295,0.710292729
2015-11,E,B DIVISION,1,5607,7900,0.709746835
2015-11,F,B DIVISION,1,4199,7610,0.551773982
2015-11,G,B DIVISION,1,4005,5652,0.708598726
2015-11,JZ,B DIVISION,1,3626,5465,0.663494968
2015-11,L,B DIVISION,1,9242,10003,0.923922823
2015-11,M,B DIVISION,1,3611,5320,0.678759398
2015-11,N,B DIVISION,1,2898,5320,0.544736842
2015-11,Q,B DIVISION,1,2644,5355,0.493744164
2015-11,R,B DIVISION,1,3150,5680,0.554577465
2015-11,S Fkln,B DIVISION,1,2351,2360,0.996186441
2015-11,S Rock,B DIVISION,1,3223,3317,0.97166114
2015-11,Systemwide,Systemwide,1,104922,155361,0.675343233
2015-12,1,A DIVISION,1,7587,9932,0.763894482
2015-12,2,A DIVISION,1,2930,6900,0.424637681
2015-12,3,A DIVISION,1,4261,6620,0.643655589
2015-12,4,A DIVISION,1,3603,8107,0.444430739
2015-12,5,A DIVISION,1,2729,7146,0.381891968
2015-12,6,A DIVISION,1,6053,12470,0.485404972
2015-12,7,A DIVISION,1,11066,13648,0.810814771
2015-12,S 42nd,A DIVISION,1,12708,12883,0.986416207
2015-12,A,B DIVISION,1,5659,8070,0.701239157
2015-12,B,B DIVISION,1,3413,4532,0.753089144
2015-12,C,B DIVISION,1,3290,4400,0.747727273
2015-12,D,B DIVISION,1,4305,5922,0.726950355
2015-12,E,B DIVISION,1,5950,8692,0.684537506
2015-12,F,B DIVISION,1,4766,8376,0.569006686
2015-12,G,B DIVISION,1,4800,6102,0.786627335
2015-12,JZ,B DIVISION,1,3953,6010,0.657737105
2015-12,L,B DIVISION,1,10220,11177,0.91437774
2015-12,M,B DIVISION,1,4065,5888,0.690387228
2015-12,N,B DIVISION,1,3788,5848,0.647742818
2015-12,Q,B DIVISION,1,3997,5892,0.678377461
2015-12,R,B DIVISION,1,3723,6248,0.595870679
2015-12,S Fkln,B DIVISION,1,2577,2596,0.992681048
2015-12,S Rock,B DIVISION,1,3552,3700,0.96
2015-12,Systemwide,Systemwide,1,118995,171159,0.69523075
2016-01,1,A DIVISION,1,6964,9028,0.771377935
2016-01,2,A DIVISION,1,2592,6264,0.413793103
2016-01,3,A DIVISION,1,3884,6092,0.637557452
2016-01,4,A DIVISION,1,2952,7348,0.401741971
2016-01,5,A DIVISION,1,2457,6496,0.378232759
2016-01,6,A DIVISION,1,5061,11132,0.454635286
2016-01,7,A DIVISION,1,9692,12420,0.780354267
2016-01,S 42nd,A DIVISION,1,11593,11709,0.990093091
2016-01,A,B DIVISION,1,4904,7435,0.659583053
2016-01,B,B DIVISION,1,2855,4120,0.692961165
2016-01,C,B DIVISION,1,3133,4000,0.78325
2016-01,D,B DIVISION,1,3665,5252,0.697829398
2016-01,E,B DIVISION,1,5445,7900,0.689240506
2016-01,F,B DIVISION,1,4288,7612,0.563321072
2016-01,G,B DIVISION,1,4429,5600,0.790892857
2016-01,JZ,B DIVISION,1,3452,5661,0.609786257
2016-01,L,B DIVISION,1,8908,10100,0.881980198
2016-01,M,B DIVISION,1,3520,5360,0.656716418
2016-01,N,B DIVISION,1,3429,5557,0.617059565
2016-01,Q,B DIVISION,1,3506,5356,0.65459298
2016-01,R,B DIVISION,1,3475,5680,0.611795775
2016-01,S Fkln,B DIVISION,1,2359,2360,0.999576271
2016-01,S Rock,B DIVISION,1,3232,3364,0.960760999
2016-01,Systemwide,Systemwide,1,105795,155846,0.678843217
2016-02,1,A DIVISION,1,6774,8974,0.754847337
2016-02,2,A DIVISION,1,2503,6264,0.39958493
2016-02,3,A DIVISION,1,3779,6064,0.623186016
2016-02,4,A DIVISION,1,2677,7348,0.364316821
2016-02,5,A DIVISION,1,2462,6496,0.379002463
2016-02,6,A DIVISION,1,4729,11255,0.420168814
2016-02,7,A DIVISION,1,9143,12420,0.736151369
2016-02,S 42nd,A DIVISION,1,12118,12154,0.997038012
2016-02,A,B DIVISION,1,4858,7426,0.654187988
2016-02,B,B DIVISION,1,2917,4120,0.708009709
2016-02,C,B DIVISION,1,3078,4000,0.7695
2016-02,D,B DIVISION,1,3443,5252,0.655559787
2016-02,E,B DIVISION,1,5379,7900,0.680886076
2016-02,F,B DIVISION,1,4527,7612,0.594718865
2016-02,G,B DIVISION,1,4550,5600,0.8125
2016-02,JZ,B DIVISION,1,4084,5799,0.704259355
2016-02,L,B DIVISION,1,9106,10100,0.901584158
2016-02,M,B DIVISION,1,3705,5360,0.691231343
2016-02,N,B DIVISION,1,3251,5316,0.611550038
2016-02,Q,B DIVISION,1,3839,5356,0.716766243
2016-02,R,B DIVISION,1,3394,5680,0.597535211
2016-02,S Fkln,B DIVISION,1,2356,2360,0.998305085
2016-02,S Rock,B DIVISION,1,3271,3364,0.97235434
2016-02,Systemwide,Systemwide,1,105943,156220,0.678165408
2016-03,1,A DIVISION,1,7160,10566,0.677645277
2016-03,2,A DIVISION,1,2998,7330,0.409004093
2016-03,3,A DIVISION,1,4408,6982,0.631337726
2016-03,4,A DIVISION,1,3472,8452,0.410790345
2016-03,5,A DIVISION,1,2746,7471,0.367554544
2016-03,6,A DIVISION,1,6605,12934,0.510669553
2016-03,7,A DIVISION,1,10826,14316,0.75621682
2016-03,S 42nd,A DIVISION,1,13482,13523,0.996968128
2016-03,A,B DIVISION,1,5493,8437,0.651060804
2016-03,B,B DIVISION,1,3538,4706,0.751806205
2016-03,C,B DIVISION,1,3254,4600,0.707391304
2016-03,D,B DIVISION,1,4412,6409,0.688406928
2016-03,E,B DIVISION,1,6353,9088,0.699053697
2016-03,F,B DIVISION,1,5485,8758,0.62628454
2016-03,G,B DIVISION,1,4962,6440,0.770496894
2016-03,JZ,B DIVISION,1,4173,6377,0.654382939
2016-03,L,B DIVISION,1,10398,11615,0.895221696
2016-03,M,B DIVISION,1,4169,6164,0.676346528
2016-03,N,B DIVISION,1,4140,6257,0.661658942
2016-03,Q,B DIVISION,1,4444,6160,0.721428571
2016-03,R,B DIVISION,1,4038,6532,0.618187385
2016-03,S Fkln,B DIVISION,1,2699,2714,0.994473102
2016-03,S Rock,B DIVISION,1,1822,1932,0.943064182
2016-03,Systemwide,Systemwide,1,121077,177763,0.681114743
2016-04,1,A DIVISION,1,6994,9676,0.722819347
2016-04,2,A DIVISION,1,2707,6981,0.387766796
2016-04,3,A DIVISION,1,3952,6426,0.615001556
2016-04,4,A DIVISION,1,3081,7716,0.399300156
2016-04,5,A DIVISION,1,2612,6787,0.384853396
2016-04,6,A DIVISION,1,6171,11690,0.527887083
2016-04,7,A DIVISION,1,9874,13103,0.753567885
2016-04,S 42nd,A DIVISION,1,12321,12495,0.98607443
2016-04,A,B DIVISION,1,4900,7703,0.636115799
2016-04,B,B DIVISION,1,3102,4326,0.717059639
2016-04,C,B DIVISION,1,2961,4200,0.705
2016-04,D,B DIVISION,1,4060,5762,0.704616453
2016-04,E,B DIVISION,1,5805,8296,0.699734812
2016-04,F,B DIVISION,1,5102,8117,0.628557349
2016-04,G,B DIVISION,1,4977,6056,0.82182959
2016-04,JZ,B DIVISION,1,3809,5737,0.663935855
2016-04,L,B DIVISION,1,9828,10605,0.926732673
2016-04,M,B DIVISION,1,4096,5628,0.727789623
2016-04,N,B DIVISION,1,3837,5582,0.687388033
2016-04,Q,B DIVISION,1,4447,5624,0.79071835
2016-04,R,B DIVISION,1,3747,5964,0.628269618
2016-04,S Fkln,B DIVISION,1,2476,2478,0.999192897
2016-04,S Rock,B DIVISION,1,1622,1764,0.919501134
2016-04,Systemwide,Systemwide,1,112481,162716,0.691271909
2016-05,1,A DIVISION,1,7303,9480,0.77035865
2016-05,2,A DIVISION,1,2220,6578,0.337488598
2016-05,3,A DIVISION,1,3696,6398,0.577680525
2016-05,4,A DIVISION,1,2940,7716,0.381026439
2016-05,5,A DIVISION,1,2341,6701,0.349350843
2016-05,6,A DIVISION,1,6266,11690,0.536013687
2016-05,7,A DIVISION,1,9779,13042,0.749808312
2016-05,S 42nd,A DIVISION,1,12194,12222,0.997709049
2016-05,A,B DIVISION,1,4945,7703,0.641957679
2016-05,B,B DIVISION,1,3297,4326,0.762135922
2016-05,C,B DIVISION,1,3095,4200,0.736904762
2016-05,D,B DIVISION,1,3883,5515,0.704079782
2016-05,E,B DIVISION,1,5856,8296,0.705882353
2016-05,F,B DIVISION,1,5382,7994,0.673254941
2016-05,G,B DIVISION,1,5434,6383,0.851323829
2016-05,JZ,B DIVISION,1,3562,5737,0.620881994
2016-05,L,B DIVISION,1,9841,10605,0.92795851
2016-05,M,B DIVISION,1,4102,5628,0.728855721
2016-05,N,B DIVISION,1,3464,5582,0.620566105
2016-05,Q,B DIVISION,1,3868,5624,0.687766714
2016-05,R,B DIVISION,1,3565,5951,0.599058982
2016-05,S Fkln,B DIVISION,1,2474,2478,0.998385795
2016-05,S Rock,B DIVISION,1,1670,1764,0.946712018
2016-05,Systemwide,Systemwide,1,111177,161613,0.687921145
2016-06,1,A DIVISION,1,7276,10016,0.7264377
2016-06,2,A DIVISION,1,2613,7074,0.369380831
2016-06,3,A DIVISION,1,4022,6732,0.597445039
2016-06,4,A DIVISION,1,3276,8140,0.402457002
2016-06,5,A DIVISION,1,2841,7202,0.394473757
2016-06,6,A DIVISION,1,6097,12464,0.489168806
2016-06,7,A DIVISION,1,10646,13664,0.779127635
2016-06,S 42nd,A DIVISION,1,13119,13268,0.988769973
2016-06,A,B DIVISION,1,4953,8143,0.608252487
2016-06,B,B DIVISION,1,3119,4532,0.688217123
2016-06,C,B DIVISION,1,3114,4400,0.707727273
2016-06,D,B DIVISION,1,3799,5778,0.657493943
2016-06,E,B DIVISION,1,5777,8748,0.660379515
2016-06,F,B DIVISION,1,4868,8376,0.581184336
2016-06,G,B DIVISION,1,5341,6527,0.818293243
2016-06,JZ,B DIVISION,1,4257,6091,0.698900016
2016-06,L,B DIVISION,1,10126,11110,0.911431143
2016-06,M,B DIVISION,1,4165,5924,0.703072248
2016-06,N,B DIVISION,1,3670,5876,0.624574541
2016-06,Q,B DIVISION,1,4125,5892,0.700101833
2016-06,R,B DIVISION,1,3755,6248,0.600992318
2016-06,S Fkln,B DIVISION,1,2595,2596,0.999614792
2016-06,S Rock,B DIVISION,1,1701,1845,0.92195122
2016-06,Systemwide,Systemwide,1,115255,170646,0.675404053
2016-07,1,A DIVISION,1,6823,8965,0.761070831
2016-07,2,A DIVISION,1,1808,6248,0.289372599
2016-07,3,A DIVISION,1,3340,5999,0.55675946
2016-07,4,A DIVISION,1,2575,7311,0.352209
2016-07,5,A DIVISION,1,2496,6459,0.386437529
2016-07,6,A DIVISION,1,5203,10913,0.476770824
2016-07,7,A DIVISION,1,9730,12369,0.786644029
2016-07,S 42nd,A DIVISION,1,11729,11953,0.981259935
2016-07,A,B DIVISION,1,4529,7241,0.625466096
2016-07,B,B DIVISION,1,2846,4073,0.698747852
2016-07,C,B DIVISION,1,2680,3943,0.679685519
2016-07,D,B DIVISION,1,3477,5217,0.666474986
2016-07,E,B DIVISION,1,5147,7765,0.662846104
2016-07,F,B DIVISION,1,4274,7478,0.571543193
2016-07,G,B DIVISION,1,5340,6282,0.850047755
2016-07,JZ,B DIVISION,1,3548,5483,0.647091009
2016-07,L,B DIVISION,1,8664,9913,0.874003833
2016-07,M,B DIVISION,1,3690,5342,0.690752527
2016-07,N,B DIVISION,1,3393,5464,0.620973646
2016-07,Q,B DIVISION,1,3602,5260,0.684790875
2016-07,R,B DIVISION,1,3243,5658,0.573170732
2016-07,S Fkln,B DIVISION,1,2295,2318,0.990077653
2016-07,S Rock,B DIVISION,1,1584,1671,0.947935368
2016-07,Systemwide,Systemwide,1,102016,153325,0.6653579
2016-08,1,A DIVISION,1,7918,10519,0.75273315
2016-08,2,A DIVISION,1,2598,7370,0.352510176
2016-08,3,A DIVISION,1,3837,6954,0.551768766
2016-08,4,A DIVISION,1,3549,8541,0.415525114
2016-08,5,A DIVISION,1,2908,7562,0.384554351
2016-08,6,A DIVISION,1,7342,13066,0.561916424
2016-08,7,A DIVISION,1,11604,14281,0.812548141
2016-08,S 42nd,A DIVISION,1,14432,14597,0.988696307
2016-08,A,B DIVISION,1,5586,8487,0.658183104
2016-08,B,B DIVISION,1,3415,4738,0.720768257
2016-08,C,B DIVISION,1,3363,4600,0.731086957
2016-08,D,B DIVISION,1,4159,6072,0.684947299
2016-08,E,B DIVISION,1,6431,9175,0.700926431
2016-08,F,B DIVISION,1,5392,8751,0.616158153
2016-08,G,B DIVISION,1,5352,6478,0.82618092
2016-08,JZ,B DIVISION,1,4047,6417,0.630668537
2016-08,L,B DIVISION,1,11161,12138,0.91950898
2016-08,M,B DIVISION,1,4193,6210,0.675201288
2016-08,N,B DIVISION,1,3932,6159,0.638415327
2016-08,Q,B DIVISION,1,4422,6159,0.717973697
2016-08,R,B DIVISION,1,3619,6501,0.556683587
2016-08,S Fkln,B DIVISION,1,2697,2714,0.993736183
2016-08,S Rock,B DIVISION,1,1765,1927,0.9159315
2016-08,Systemwide,Systemwide,1,123722,179416,0.689581754
2016-09,1,A DIVISION,1,6098,9609,0.634613383
2016-09,2,A DIVISION,1,2469,7143,0.345653087
2016-09,3,A DIVISION,1,2861,5922,0.483113813
2016-09,4,A DIVISION,1,2862,7839,0.365097589
2016-09,5,A DIVISION,1,2471,6906,0.357804807
2016-09,6,A DIVISION,1,5804,11823,0.490907553
2016-09,7,A DIVISION,1,10718,13047,0.821491531
2016-09,S 42nd,A DIVISION,1,13818,13979,0.988482724
2016-09,A,B DIVISION,1,4878,7749,0.629500581
2016-09,B,B DIVISION,1,2885,4326,0.666897827
2016-09,C,B DIVISION,1,2831,4200,0.674047619
2016-09,D,B DIVISION,1,3595,5517,0.651622258
2016-09,E,B DIVISION,1,5547,8385,0.661538462
2016-09,F,B DIVISION,1,4786,8001,0.598175228
2016-09,G,B DIVISION,1,4800,5996,0.800533689
2016-09,JZ,B DIVISION,1,3768,5859,0.643113159
2016-09,L,B DIVISION,1,9691,10605,0.913814239
2016-09,M,B DIVISION,1,3774,5670,0.665608466
2016-09,N,B DIVISION,1,3331,5625,0.592177778
2016-09,Q,B DIVISION,1,3837,5793,0.662351113
2016-09,R,B DIVISION,1,3377,5984,0.564338235
2016-09,S Fkln,B DIVISION,1,2461,2478,0.993139629
2016-09,S Rock,B DIVISION,1,1633,1761,0.927314026
2016-09,Systemwide,Systemwide,1,108295,164217,0.659462784
2016-10,1,A DIVISION,1,6227,9603,0.648443195
2016-10,2,A DIVISION,1,2587,7150,0.361818182
2016-10,3,A DIVISION,1,3230,6006,0.537795538
2016-10,4,A DIVISION,1,2844,7797,0.364755675
2016-10,5,A DIVISION,1,2561,6904,0.37094438
2016-10,6,A DIVISION,1,6042,12257,0.492942808
2016-10,7,A DIVISION,1,10283,13037,0.788755082
2016-10,S 42nd,A DIVISION,1,13538,13630,0.993250183
2016-10,A,B DIVISION,1,4598,7749,0.593366886
2016-10,B,B DIVISION,1,2488,4326,0.575127138
2016-10,C,B DIVISION,1,2621,4170,0.62853717
2016-10,D,B DIVISION,1,3460,5513,0.627607473
2016-10,E,B DIVISION,1,5291,8375,0.631761194
2016-10,F,B DIVISION,1,4411,7987,0.552272443
2016-10,G,B DIVISION,1,4464,5880,0.759183673
2016-10,JZ,B DIVISION,1,3885,5859,0.663082437
2016-10,L,B DIVISION,1,9491,10605,0.89495521
2016-10,M,B DIVISION,1,3621,5670,0.638624339
2016-10,N,B DIVISION,1,3368,5623,0.598968522
2016-10,Q,B DIVISION,1,3913,5908,0.662322275
2016-10,R,B DIVISION,1,3094,5964,0.518779343
2016-10,S Fkln,B DIVISION,1,2469,2478,0.996368039
2016-10,S Rock,B DIVISION,1,1625,1759,0.923820352
2016-10,Systemwide,Systemwide,1,106111,164250,0.646033486
2016-11,1,A DIVISION,1,6535,9606,0.680303977
2016-11,2,A DIVISION,1,2401,6793,0.353452083
2016-11,3,A DIVISION,1,3481,6398,0.544076274
2016-11,4,A DIVISION,1,2602,7878,0.330286875
2016-11,5,A DIVISION,1,2441,6905,0.353511948
2016-11,6,A DIVISION,1,5172,11816,0.437711578
2016-11,7,A DIVISION,1,10253,13110,0.782074752
2016-11,S 42nd,A DIVISION,1,12721,12883,0.987425289
2016-11,A,B DIVISION,1,4201,7749,0.542134469
2016-11,B,B DIVISION,1,2252,4326,0.520573278
2016-11,C,B DIVISION,1,2535,4182,0.606169297
2016-11,D,B DIVISION,1,3516,5515,0.637533998
2016-11,E,B DIVISION,1,5470,8380,0.65274463
2016-11,F,B DIVISION,1,3698,7994,0.462596948
2016-11,G,B DIVISION,1,4434,5880,0.754081633
2016-11,JZ,B DIVISION,1,3687,5859,0.629288274
2016-11,L,B DIVISION,1,9796,10728,0.913124534
2016-11,M,B DIVISION,1,3587,5704,0.628856942
2016-11,N,B DIVISION,1,3244,5743,0.564861571
2016-11,Q,B DIVISION,1,4179,6300,0.663333333
2016-11,R,B DIVISION,1,4147,5960,0.695805369
2016-11,S Fkln,B DIVISION,1,2461,2478,0.993139629
2016-11,S Rock,B DIVISION,1,1615,1760,0.917613636
2016-11,W,B DIVISION,1,2458,3213,0.765017118
2016-11,Systemwide,Systemwide,1,106886,167160,0.639423307
2016-12,1,A DIVISION,1,6547,9609,0.68134041
2016-12,2,A DIVISION,1,2153,6758,0.31858538
2016-12,3,A DIVISION,1,3619,6398,0.565645514
2016-12,4,A DIVISION,1,2537,7803,0.32513136
2016-12,5,A DIVISION,1,2424,6906,0.350999131
2016-12,6,A DIVISION,1,4659,11823,0.394062421
2016-12,7,A DIVISION,1,9857,13131,0.750666362
2016-12,S 42nd,A DIVISION,1,12604,12813,0.983688441
2016-12,A,B DIVISION,1,4573,7749,0.590140663
2016-12,B,B DIVISION,1,2501,4326,0.578132224
2016-12,C,B DIVISION,1,2431,4200,0.578809524
2016-12,D,B DIVISION,1,3341,5620,0.594483986
2016-12,E,B DIVISION,1,5197,8385,0.619797257
2016-12,F,B DIVISION,1,4139,8212,0.504018509
2016-12,G,B DIVISION,1,4472,5880,0.760544218
2016-12,JZ,B DIVISION,1,3497,5859,0.596859532
2016-12,L,B DIVISION,1,9301,10605,0.877039132
2016-12,M,B DIVISION,1,3307,5712,0.578956583
2016-12,N,B DIVISION,1,3246,5772,0.562370062
2016-12,Q,B DIVISION,1,4709,6462,0.728721758
2016-12,R,B DIVISION,1,3423,5961,0.574232511
2016-12,S Fkln,B DIVISION,1,2470,2478,0.99677159
2016-12,S Rock,B DIVISION,1,1630,1761,0.925610449
2016-12,W,B DIVISION,1,2555,3969,0.643738977
2016-12,Systemwide,Systemwide,1,105192,168192,0.625428082
2017-01,1,A DIVISION,1,6991,9606,0.727774308
2017-01,2,A DIVISION,1,2249,6662,0.33758631
2017-01,3,A DIVISION,1,3451,6398,0.539387309
2017-01,4,A DIVISION,1,2459,7800,0.31525641
2017-01,5,A DIVISION,1,2410,6905,0.349022448
2017-01,6,A DIVISION,1,5582,11816,0.472410291
2017-01,7,A DIVISION,1,10074,13126,0.767484382
2017-01,S 42nd,A DIVISION,1,13158,13225,0.994933837
2017-01,A,B DIVISION,1,4836,7749,0.624080527
2017-01,B,B DIVISION,1,2421,4326,0.55963939
2017-01,C,B DIVISION,1,2596,4200,0.618095238
2017-01,D,B DIVISION,1,3306,5515,0.599456029
2017-01,E,B DIVISION,1,5222,8380,0.623150358
2017-01,F,B DIVISION,1,4074,8171,0.498592584
2017-01,G,B DIVISION,1,4571,5880,0.777380952
2017-01,JZ,B DIVISION,1,3717,5859,0.634408602
2017-01,L,B DIVISION,1,9772,10605,0.921452145
2017-01,M,B DIVISION,1,3360,5712,0.588235294
2017-01,N,B DIVISION,1,3027,5771,0.524519147
2017-01,Q,B DIVISION,1,4125,6460,0.638544892
2017-01,R,B DIVISION,1,3782,5960,0.634563758
2017-01,S Fkln,B DIVISION,1,2475,2478,0.998789346
2017-01,S Rock,B DIVISION,1,1678,1760,0.953409091
2017-01,W,B DIVISION,1,2542,3969,0.640463593
2017-01,Systemwide,Systemwide,1,107878,168333,0.640860675
2017-02,1,A DIVISION,1,5204,8671,0.600161458
2017-02,2,A DIVISION,1,1648,6030,0.273300166
2017-02,3,A DIVISION,1,2782,5534,0.502710517
2017-02,4,A DIVISION,1,2357,7059,0.333899986
2017-02,5,A DIVISION,1,2013,6248,0.322183099
2017-02,6,A DIVISION,1,5030,10695,0.47031323
2017-02,7,A DIVISION,1,8213,11879,0.691388164
2017-02,S 42nd,A DIVISION,1,11760,11871,0.990649482
2017-02,A,B DIVISION,1,3870,7011,0.55198973
2017-02,B,B DIVISION,1,2181,3818,0.571241488
2017-02,C,B DIVISION,1,2204,3800,0.58
2017-02,D,B DIVISION,1,2985,5297,0.563526524
2017-02,E,B DIVISION,1,4964,7585,0.654449572
2017-02,F,B DIVISION,1,3577,7345,0.486997958
2017-02,G,B DIVISION,1,4062,5320,0.763533835
2017-02,JZ,B DIVISION,1,3449,5301,0.650631956
2017-02,L,B DIVISION,1,8832,9636,0.916562889
2017-02,M,B DIVISION,1,3132,5168,0.606037152
2017-02,N,B DIVISION,1,2847,5222,0.545193412
2017-02,Q,B DIVISION,1,3967,5846,0.678583647
2017-02,R,B DIVISION,1,3684,5364,0.686800895
2017-02,S Fkln,B DIVISION,1,2237,2242,0.997769848
2017-02,S Rock,B DIVISION,1,1465,1593,0.919648462
2017-02,W,B DIVISION,1,2459,3591,0.684767474
2017-02,Systemwide,Systemwide,1,94922,152126,0.623969604
2017-03,1,A DIVISION,1,7010,10039,0.698276721
2017-03,2,A DIVISION,1,2120,6955,0.304816679
2017-03,3,A DIVISION,1,3013,6176,0.487856218
2017-03,4,A DIVISION,1,2698,8146,0.3312055
2017-03,5,A DIVISION,1,2235,7150,0.312587413
2017-03,6,A DIVISION,1,6023,12351,0.487652822
2017-03,7,A DIVISION,1,10231,13724,0.745482367
2017-03,S 42nd,A DIVISION,1,13668,13697,0.997882748
2017-03,A,B DIVISION,1,4239,7867,0.5388331
2017-03,B,B DIVISION,1,2606,4508,0.578083407
2017-03,C,B DIVISION,1,2595,4400,0.589772727
2017-03,D,B DIVISION,1,3242,5750,0.563826087
2017-03,E,B DIVISION,1,5270,8750,0.602285714
2017-03,F,B DIVISION,1,3947,8350,0.472694611
2017-03,G,B DIVISION,1,4501,6136,0.733539765
2017-03,JZ,B DIVISION,1,3747,6113,0.612955995
2017-03,L,B DIVISION,1,10294,11113,0.926302529
2017-03,M,B DIVISION,1,3720,5885,0.632115548
2017-03,N,B DIVISION,1,3229,6022,0.536200598
2017-03,Q,B DIVISION,1,4480,6744,0.664294187
2017-03,R,B DIVISION,1,4117,6135,0.671067645
2017-03,S Fkln,B DIVISION,1,2453,2454,0.999592502
2017-03,S Rock,B DIVISION,1,1728,1833,0.942716858
2017-03,W,B DIVISION,1,2744,4158,0.65993266
2017-03,Systemwide,Systemwide,1,109910,174456,0.630015591
2017-04,1,A DIVISION,1,6455,9148,0.705618714
2017-04,2,A DIVISION,1,2106,6476,0.325200741
2017-04,3,A DIVISION,1,3126,5812,0.537852719
2017-04,4,A DIVISION,1,2218,7428,0.298599892
2017-04,5,A DIVISION,1,2033,6576,0.309154501
2017-04,6,A DIVISION,1,6014,11252,0.534482759
2017-04,7,A DIVISION,1,9069,12500,0.72552
2017-04,S 42nd,A DIVISION,1,12061,12274,0.982646244
2017-04,A,B DIVISION,1,4230,7380,0.573170732
2017-04,B,B DIVISION,1,2459,4120,0.59684466
2017-04,C,B DIVISION,1,2414,4000,0.6035
2017-04,D,B DIVISION,1,2699,5252,0.513899467
2017-04,E,B DIVISION,1,4789,7980,0.600125313
2017-04,F,B DIVISION,1,3460,7612,0.454545455
2017-04,G,B DIVISION,1,4210,5600,0.751785714
2017-04,JZ,B DIVISION,1,3316,5580,0.594265233
2017-04,L,B DIVISION,1,9980,10605,0.941065535
2017-04,M,B DIVISION,1,3368,5440,0.619117647
2017-04,N,B DIVISION,1,2808,5496,0.510917031
2017-04,Q,B DIVISION,1,4231,6152,0.687743823
2017-04,R,B DIVISION,1,4025,5676,0.709126145
2017-04,S Fkln,B DIVISION,1,2360,2360,1
2017-04,S Rock,B DIVISION,1,1636,1676,0.976133652
2017-04,W,B DIVISION,1,2457,3780,0.65
2017-04,Systemwide,Systemwide,1,101524,160175,0.633831747
2017-05,1,A DIVISION,1,7108,10064,0.706279809
2017-05,2,A DIVISION,1,2097,6980,0.300429799
2017-05,3,A DIVISION,1,3277,6508,0.503534112
2017-05,4,A DIVISION,1,2325,8309,0.279817066
2017-05,5,A DIVISION,1,1851,7066,0.261958675
2017-05,6,A DIVISION,1,6352,12380,0.513085622
2017-05,7,A DIVISION,1,10491,13752,0.762870855
2017-05,S 42nd,A DIVISION,1,13393,13492,0.992662318
2017-05,A,B DIVISION,1,4132,8118,0.508992363
2017-05,B,B DIVISION,1,2396,4532,0.528684907
2017-05,C,B DIVISION,1,2568,4400,0.583636364
2017-05,D,B DIVISION,1,3131,5952,0.526041667
2017-05,E,B DIVISION,1,4655,8780,0.530182232
2017-05,F,B DIVISION,1,3228,8376,0.385386819
2017-05,G,B DIVISION,1,4308,6160,0.699350649
2017-05,JZ,B DIVISION,1,3708,6138,0.604105572
2017-05,L,B DIVISION,1,10553,11288,0.934886605
2017-05,M,B DIVISION,1,3864,5984,0.645721925
2017-05,N,B DIVISION,1,3126,6139,0.509203453
2017-05,Q,B DIVISION,1,4304,6768,0.635933806
2017-05,R,B DIVISION,1,4557,6178,0.737617352
2017-05,S Fkln,B DIVISION,1,2564,2596,0.987673344
2017-05,S Rock,B DIVISION,1,1758,1844,0.953362256
2017-05,W,B DIVISION,1,2764,4158,0.664742665
2017-05,Systemwide,Systemwide,1,108510,175962,0.616667235
2017-06,1,A DIVISION,1,6822,10507,0.649281431
2017-06,2,A DIVISION,1,1927,6981,0.276034952
2017-06,3,A DIVISION,1,2920,6477,0.450826
2017-06,4,A DIVISION,1,2478,8219,0.301496532
2017-06,5,A DIVISION,1,2273,7212,0.315169163
2017-06,6,A DIVISION,1,6758,12380,0.545880452
2017-06,7,A DIVISION,1,10222,13813,0.74002751
2017-06,S 42nd,A DIVISION,1,13285,13493,0.984584599
2017-06,A,B DIVISION,1,4126,8118,0.508253264
2017-06,B,B DIVISION,1,2190,4532,0.483230362
2017-06,C,B DIVISION,1,2370,4400,0.538636364
2017-06,D,B DIVISION,1,3048,5917,0.515125908
2017-06,E,B DIVISION,1,5210,8780,0.593394077
2017-06,F,B DIVISION,1,3995,8376,0.476957975
2017-06,G,B DIVISION,1,4458,6218,0.716950788
2017-06,JZ,B DIVISION,1,3856,6138,0.62821766
2017-06,L,B DIVISION,1,10800,11297,0.956006019
2017-06,M,B DIVISION,1,4611,7017,0.657118427
2017-06,N,B DIVISION,1,2801,6046,0.463281508
2017-06,Q,B DIVISION,1,4162,6768,0.614952719
2017-06,R,B DIVISION,1,4229,6244,0.677290199
2017-06,S Fkln,B DIVISION,1,2593,2596,0.998844376
2017-06,S Rock,B DIVISION,1,1749,1844,0.948481562
2017-06,W,B DIVISION,1,2796,4158,0.672438672
2017-06,Systemwide,Systemwide,1,109679,177531,0.617801961
2017-07,1,A DIVISION,1,6147,9265,0.663464652
2017-07,2,A DIVISION,1,1758,6345,0.277068558
2017-07,3,A DIVISION,1,3062,6105,0.501556102
2017-07,4,A DIVISION,1,2562,7446,0.344077357
2017-07,5,A DIVISION,1,2237,6635,0.337151469
2017-07,6,A DIVISION,1,6623,11315,0.585329209
2017-07,7,A DIVISION,1,9022,12670,0.71207577
2017-07,S 42nd,A DIVISION,1,12686,12756,0.994512386
2017-07,A,B DIVISION,1,4370,7358,0.593911389
2017-07,B,B DIVISION,1,2062,4080,0.505392157
2017-07,C,B DIVISION,1,2444,3943,0.619832615
2017-07,D,B DIVISION,1,3345,5626,0.594560967
2017-07,E,B DIVISION,1,5028,7975,0.630470219
2017-07,F,B DIVISION,1,4112,7616,0.539915966
2017-07,G,B DIVISION,1,4397,5963,0.737380513
2017-07,JZ,B DIVISION,1,4134,5580,0.740860215
2017-07,L,B DIVISION,1,10413,10828,0.961673439
2017-07,M,B DIVISION,1,7235,9570,0.756008359
2017-07,N,B DIVISION,1,3110,5558,0.559553796
2017-07,Q,B DIVISION,1,3771,6198,0.608422072
2017-07,R,B DIVISION,1,4014,5675,0.707312775
2017-07,S Fkln,B DIVISION,1,2358,2360,0.999152542
2017-07,S Rock,B DIVISION,1,1592,1675,0.950447761
2017-07,W,B DIVISION,1,2676,3780,0.707936508
2017-07,Systemwide,Systemwide,1,109158,166322,0.656305239
2017-08,1,A DIVISION,1,7869,10660,0.738180113
2017-08,2,A DIVISION,1,2038,7302,0.279101616
2017-08,3,A DIVISION,1,3516,6974,0.504158302
2017-08,4,A DIVISION,1,3181,8544,0.372308052
2017-08,5,A DIVISION,1,2595,7611,0.340953883
2017-08,6,A DIVISION,1,8126,12981,0.625991834
2017-08,7,A DIVISION,1,10152,14658,0.692591077
2017-08,S 42nd,A DIVISION,1,13974,14102,0.990923273
2017-08,A,B DIVISION,1,5010,8487,0.590314599
2017-08,B,B DIVISION,1,2609,4738,0.550654285
2017-08,C,B DIVISION,1,3000,4600,0.652173913
2017-08,D,B DIVISION,1,3399,6075,0.559506173
2017-08,E,B DIVISION,1,5120,9180,0.557734205
2017-08,F,B DIVISION,1,3657,8758,0.417561087
2017-08,G,B DIVISION,1,5364,6891,0.778406617
2017-08,JZ,B DIVISION,1,4544,6417,0.708119059
2017-08,L,B DIVISION,1,11508,12431,0.925750141
2017-08,M,B DIVISION,1,8143,11009,0.739667545
2017-08,N,B DIVISION,1,3243,6321,0.513051732
2017-08,Q,B DIVISION,1,4733,7148,0.662143257
2017-08,R,B DIVISION,1,4682,6528,0.717218137
2017-08,S Fkln,B DIVISION,1,2706,2714,0.997052321
2017-08,S Rock,B DIVISION,1,1815,1928,0.941390041
2017-08,W,B DIVISION,1,3125,4347,0.718886588
2017-08,Systemwide,Systemwide,1,124109,190404,0.65181929
2017-09,1,A DIVISION,1,6531,9271,0.704454751
2017-09,2,A DIVISION,1,1760,6351,0.277121713
2017-09,3,A DIVISION,1,2706,6083,0.444846293
2017-09,4,A DIVISION,1,2377,7431,0.319876194
2017-09,5,A DIVISION,1,1571,6011,0.261354184
2017-09,6,A DIVISION,1,5843,11259,0.518962608
2017-09,7,A DIVISION,1,9970,12748,0.782083464
2017-09,S 42nd,A DIVISION,1,12219,12271,0.995762367
2017-09,A,B DIVISION,1,4285,7380,0.580623306
2017-09,B,B DIVISION,1,2409,4120,0.584708738
2017-09,C,B DIVISION,1,2416,4000,0.604
2017-09,D,B DIVISION,1,3047,5289,0.576101342
2017-09,E,B DIVISION,1,4524,7985,0.566562304
2017-09,F,B DIVISION,1,3416,7619,0.448352802
2017-09,G,B DIVISION,1,4579,5801,0.789346664
2017-09,JZ,B DIVISION,1,3851,5580,0.690143369
2017-09,L,B DIVISION,1,9954,10720,0.928544776
2017-09,M,B DIVISION,1,7141,9574,0.745874243
2017-09,N,B DIVISION,1,2965,5497,0.539385119
2017-09,Q,B DIVISION,1,4336,6536,0.663402693
2017-09,R,B DIVISION,1,3794,5549,0.683726798
2017-09,S Fkln,B DIVISION,1,2358,2360,0.999152542
2017-09,S Rock,B DIVISION,1,1571,1677,0.93679189
2017-09,W,B DIVISION,1,2856,3780,0.755555556
2017-09,Systemwide,Systemwide,1,106479,164892,0.645749945
2017-10,1,A DIVISION,1,7332,10193,0.719317178
2017-10,2,A DIVISION,1,2152,6981,0.308265292
2017-10,3,A DIVISION,1,3164,6661,0.475003753
2017-10,4,A DIVISION,1,2723,8266,0.329421728
2017-10,5,A DIVISION,1,1647,6725,0.244907063
2017-10,6,A DIVISION,1,6647,12373,0.537218136
2017-10,7,A DIVISION,1,10210,14016,0.728453196
2017-10,S 42nd,A DIVISION,1,13956,14042,0.993875516
2017-10,A,B DIVISION,1,4462,8227,0.54236052
2017-10,B,B DIVISION,1,2554,4532,0.563548102
2017-10,C,B DIVISION,1,2562,4400,0.582272727
2017-10,D,B DIVISION,1,3387,6013,0.563279561
2017-10,E,B DIVISION,1,5304,8775,0.604444444
2017-10,F,B DIVISION,1,3721,8369,0.444617039
2017-10,G,B DIVISION,1,4578,6193,0.739221702
2017-10,JZ,B DIVISION,1,4135,6138,0.673672206
2017-10,L,B DIVISION,1,10946,11792,0.928256445
2017-10,M,B DIVISION,1,7695,10528,0.730908055
2017-10,N,B DIVISION,1,3793,6045,0.627460711
2017-10,Q,B DIVISION,1,4840,6823,0.709365382
2017-10,R,B DIVISION,1,4045,6243,0.647925677
2017-10,S Fkln,B DIVISION,1,2589,2596,0.997303544
2017-10,S Rock,B DIVISION,1,1743,1843,0.94574064
2017-10,W,B DIVISION,1,2907,4158,0.699134199
2017-10,Systemwide,Systemwide,1,117092,181932,0.643603104
2017-11,1,A DIVISION,1,6771,9732,0.695745993
2017-11,2,A DIVISION,1,1663,6666,0.249474947
2017-11,3,A DIVISION,1,2535,6134,0.413270297
2017-11,4,A DIVISION,1,2108,7800,0.27025641
2017-11,5,A DIVISION,1,1608,6385,0.251840251
2017-11,6,A DIVISION,1,5630,11816,0.47647258
2017-11,7,A DIVISION,1,9262,13382,0.692123748
2017-11,S 42nd,A DIVISION,1,12989,13155,0.987381224
2017-11,A,B DIVISION,1,3854,7754,0.497033789
2017-11,B,B DIVISION,1,2011,4326,0.464863615
2017-11,C,B DIVISION,1,2364,4200,0.562857143
2017-11,D,B DIVISION,1,2504,5515,0.454034451
2017-11,E,B DIVISION,1,5103,8302,0.614671164
2017-11,F,B DIVISION,1,3707,7994,0.463722792
2017-11,G,B DIVISION,1,4195,5967,0.70303335
2017-11,JZ,B DIVISION,1,4153,5859,0.708824031
2017-11,L,B DIVISION,1,10952,11333,0.966381364
2017-11,M,B DIVISION,1,7635,10051,0.759625908
2017-11,N,B DIVISION,1,4031,6192,0.651001292
2017-11,Q,B DIVISION,1,4578,7087,0.645971497
2017-11,R,B DIVISION,1,3820,5978,0.639009702
2017-11,S Fkln,B DIVISION,1,2272,2281,0.996054362
2017-11,S Rock,B DIVISION,1,1583,1689,0.937240971
2017-11,W,B DIVISION,1,2810,3969,0.707986898
2017-11,Systemwide,Systemwide,1,108138,173567,0.62303318
2017-12,1,A DIVISION,1,6554,9271,0.706935606
2017-12,2,A DIVISION,1,2754,6351,0.433632499
2017-12,3,A DIVISION,1,3610,6083,0.593457176
2017-12,4,A DIVISION,1,3272,7541,0.433894709
2017-12,5,A DIVISION,1,3116,6613,0.471193104
2017-12,6,A DIVISION,1,4849,11499,0.421688843
2017-12,7,A DIVISION,1,8398,12748,0.658770003
2017-12,S 42nd,A DIVISION,1,11843,12093,0.979326883
2017-12,A,B DIVISION,1,3577,7380,0.484688347
2017-12,B,B DIVISION,1,2019,4120,0.490048544
2017-12,C,B DIVISION,1,2137,4000,0.53425
2017-12,D,B DIVISION,1,2394,5254,0.455652836
2017-12,E,B DIVISION,1,4184,7985,0.523982467
2017-12,F,B DIVISION,1,3071,7619,0.403071269
2017-12,G,B DIVISION,1,3616,5643,0.640793904
2017-12,JZ,B DIVISION,1,3611,5580,0.647132616
2017-12,L,B DIVISION,1,9954,10805,0.921240167
2017-12,M,B DIVISION,1,7255,9541,0.760402474
2017-12,N,B DIVISION,1,3642,5710,0.637828371
2017-12,Q,B DIVISION,1,4261,6418,0.663913992
2017-12,R,B DIVISION,1,3391,5467,0.620267057
2017-12,S Fkln,B DIVISION,1,2350,2360,0.995762712
2017-12,S Rock,B DIVISION,1,1540,1631,0.944206009
2017-12,W,B DIVISION,1,2592,3719,0.696961549
2017-12,Systemwide,Systemwide,1,103990,165431,0.628600444
2018-01,1,A DIVISION,1,13756,20392,0.674578266
2018-01,2,A DIVISION,1,5390,14466,0.372597816
2018-01,3,A DIVISION,1,7220,12712,0.567967275
2018-01,4,A DIVISION,1,6412,16758,0.382623225
2018-01,5,A DIVISION,1,6078,14564,0.417330404
2018-01,6,A DIVISION,1,11684,24760,0.471890145
2018-01,7,A DIVISION,1,17860,28040,0.636947218
2018-01,S 42nd,A DIVISION,1,27578,27936,0.987184994
2018-01,A,B DIVISION,1,6286,16500,0.380969697
2018-01,B,B DIVISION,1,3982,8708,0.457280661
2018-01,C,B DIVISION,1,2990,8612,0.347189967
2018-01,D,B DIVISION,1,4994,11892,0.419946182
2018-01,E,B DIVISION,1,8322,17560,0.473917995
2018-01,F,B DIVISION,1,5428,16864,0.32186907
2018-01,G,B DIVISION,1,6306,12412,0.508056719
2018-01,JZ,B DIVISION,1,7348,12276,0.598566308
2018-01,L,B DIVISION,1,20028,23584,0.84921981
2018-01,M,B DIVISION,1,14818,21060,0.703608737
2018-01,N,B DIVISION,1,6618,12092,0.547304003
2018-01,Q,B DIVISION,1,8048,13668,0.588820603
2018-01,R,B DIVISION,1,7006,12532,0.559048835
2018-01,S Fkln,B DIVISION,1,5086,5124,0.992583919
2018-01,S Rock,B DIVISION,1,3246,3506,0.925841415
2018-01,W,B DIVISION,1,5276,8316,0.634439634
2018-01,Systemwide,Systemwide,1,211760,364334,0.58122492
2018-02,1,A DIVISION,1,6282,9239,0.679943717
2018-02,2,A DIVISION,1,2660,6033,0.440908337
2018-02,3,A DIVISION,1,3327,5413,0.614631443
2018-02,4,A DIVISION,1,3061,7241,0.422731667
2018-02,5,A DIVISION,1,3116,6284,0.495862508
2018-02,6,A DIVISION,1,5259,10695,0.491725105
2018-02,7,A DIVISION,1,7415,12143,0.610639875
2018-02,S 42nd,A DIVISION,1,11680,11831,0.98723692
2018-02,A,B DIVISION,1,3570,7011,0.509199829
2018-02,B,B DIVISION,1,1829,3769,0.485274609
2018-02,C,B DIVISION,1,1725,3800,0.453947368
2018-02,D,B DIVISION,1,2426,5080,0.477559055
2018-02,E,B DIVISION,1,3802,7585,0.501252472
2018-02,F,B DIVISION,1,2892,7619,0.379577372
2018-02,G,B DIVISION,1,3263,5320,0.613345865
2018-02,JZ,B DIVISION,1,3153,5301,0.594793435
2018-02,L,B DIVISION,1,9230,10184,0.906323645
2018-02,M,B DIVISION,1,6585,9095,0.724024189
2018-02,N,B DIVISION,1,3030,5375,0.56372093
2018-02,Q,B DIVISION,1,3951,6140,0.643485342
2018-02,R,B DIVISION,1,2930,5412,0.541389505
2018-02,S Fkln,B DIVISION,1,2242,2242,1
2018-02,S Rock,B DIVISION,1,1519,1593,0.953546767
2018-02,W,B DIVISION,1,2603,3591,0.724867725
2018-02,Systemwide,Systemwide,1,97550,157996,0.617420694
2018-03,1,A DIVISION,1,7731,10389,0.744152469
2018-03,2,A DIVISION,1,3274,7019,0.466448212
2018-03,3,A DIVISION,1,3951,6328,0.624367889
2018-03,4,A DIVISION,1,3919,8276,0.473537941
2018-03,5,A DIVISION,1,3870,7282,0.531447405
2018-03,6,A DIVISION,1,6253,12380,0.505088853
2018-03,7,A DIVISION,1,7818,14087,0.554979769
2018-03,S 42nd,A DIVISION,1,13495,13662,0.987776314
2018-03,A,B DIVISION,1,4485,8118,0.552475979
2018-03,B,B DIVISION,1,2245,4248,0.528483992
2018-03,C,B DIVISION,1,2409,4400,0.5475
2018-03,D,B DIVISION,1,2948,5778,0.510211146
2018-03,E,B DIVISION,1,5131,8780,0.584396355
2018-03,F,B DIVISION,1,3942,8376,0.470630372
2018-03,G,B DIVISION,1,4260,6160,0.691558442
2018-03,JZ,B DIVISION,1,4322,6138,0.704138156
2018-03,L,B DIVISION,1,10532,11792,0.893147897
2018-03,M,B DIVISION,1,8160,10530,0.774928775
2018-03,N,B DIVISION,1,3827,6476,0.590951204
2018-03,Q,B DIVISION,1,4762,6834,0.696810067
2018-03,R,B DIVISION,1,4048,6266,0.646026173
2018-03,S Fkln,B DIVISION,1,2590,2596,0.997688752
2018-03,S Rock,B DIVISION,1,1638,1744,0.939220183
2018-03,W,B DIVISION,1,2997,4158,0.720779221
2018-03,Systemwide,Systemwide,1,118607,181817,0.65234274
2018-04,1,A DIVISION,1,7044,9729,0.724020968
2018-04,2,A DIVISION,1,3506,7104,0.493524775
2018-04,3,A DIVISION,1,4340,6231,0.696517413
2018-04,4,A DIVISION,1,4253,7797,0.545466205
2018-04,5,A DIVISION,1,3751,6964,0.538627226
2018-04,6,A DIVISION,1,6356,11941,0.532283728
2018-04,7,A DIVISION,1,7638,13378,0.57093736
2018-04,S 42nd,A DIVISION,1,13036,13156,0.990878687
2018-04,A,B DIVISION,1,4643,7749,0.599174087
2018-04,B,B DIVISION,1,2470,4045,0.610630408
2018-04,C,B DIVISION,1,2536,4200,0.603809524
2018-04,D,B DIVISION,1,2993,5526,0.541621426
2018-04,E,B DIVISION,1,4802,8375,0.573373134
2018-04,F,B DIVISION,1,4010,7987,0.502065857
2018-04,G,B DIVISION,1,4305,5880,0.732142857
2018-04,JZ,B DIVISION,1,3949,5877,0.671941467
2018-04,L,B DIVISION,1,10482,11256,0.931236674
2018-04,M,B DIVISION,1,7654,10008,0.764788169
2018-04,N,B DIVISION,1,4035,6095,0.662018048
2018-04,Q,B DIVISION,1,4713,6521,0.722741911
2018-04,R,B DIVISION,1,4094,5980,0.684615385
2018-04,S Fkln,B DIVISION,1,2475,2478,0.998789346
2018-04,S Rock,B DIVISION,1,1722,1759,0.978965321
2018-04,W,B DIVISION,1,3011,3969,0.758629378
2018-04,Systemwide,Systemwide,1,117818,174005,0.677095486
2018-05,1,A DIVISION,1,7299,10152,0.718971631
2018-05,2,A DIVISION,1,4121,7713,0.534292752
2018-05,3,A DIVISION,1,4456,6476,0.688079061
2018-05,4,A DIVISION,1,4486,8194,0.547473761
2018-05,5,A DIVISION,1,4578,7304,0.626779847
2018-05,6,A DIVISION,1,6805,12132,0.560913287
2018-05,7,A DIVISION,1,8801,13907,0.632846768
2018-05,S 42nd,A DIVISION,1,13466,13522,0.995858601
2018-05,A,B DIVISION,1,4514,8106,0.556871453
2018-05,B,B DIVISION,1,2503,4406,0.56808897
2018-05,C,B DIVISION,1,2582,4246,0.608101743
2018-05,D,B DIVISION,1,3036,6373,0.476384748
2018-05,E,B DIVISION,1,4928,8882,0.554829993
2018-05,F,B DIVISION,1,3414,8508,0.401269394
2018-05,G,B DIVISION,1,4303,6161,0.69842558
2018-05,JZ,B DIVISION,1,4387,6136,0.714960887
2018-05,L,B DIVISION,1,10805,11742,0.920200988
2018-05,M,B DIVISION,1,3827,5952,0.642977151
2018-05,N,B DIVISION,1,5980,10096,0.592313788
2018-05,Q,B DIVISION,1,4228,6968,0.606773823
2018-05,R,B DIVISION,1,3628,6189,0.586201325
2018-05,S Fkln,B DIVISION,1,5169,5192,0.995570108
2018-05,S Rock,B DIVISION,1,3171,3276,0.967948718
2018-05,Systemwide,Systemwide,1,120487,181633,0.663354126
2018-06,1,A DIVISION,1,6991,9575,0.730130548
2018-06,2,A DIVISION,1,4394,7555,0.581601588
2018-06,3,A DIVISION,1,4282,6034,0.709645343
2018-06,4,A DIVISION,1,4674,8102,0.576894594
2018-06,5,A DIVISION,1,4395,6857,0.640950853
2018-06,6,A DIVISION,1,7105,11728,0.605815143
2018-06,7,A DIVISION,1,8092,13248,0.610809179
2018-06,S 42nd,A DIVISION,1,12552,12596,0.996506828
2018-06,A,B DIVISION,1,4271,7753,0.550883529
2018-06,B,B DIVISION,1,2534,4012,0.631605184
2018-06,C,B DIVISION,1,2773,4200,0.660238095
2018-06,D,B DIVISION,1,5307,8137,0.652205973
2018-06,E,B DIVISION,1,4834,8472,0.570585458
2018-06,F,B DIVISION,1,3764,8046,0.467810092
2018-06,G,B DIVISION,1,4454,5945,0.749201009
2018-06,JZ,B DIVISION,1,3842,5858,0.655855241
2018-06,L,B DIVISION,1,10492,11336,0.92554693
2018-06,M,B DIVISION,1,3604,5671,0.635514019
2018-06,N,B DIVISION,1,5085,9681,0.525255655
2018-06,Q,B DIVISION,1,4358,6593,0.661004095
2018-06,R,B DIVISION,1,3425,5895,0.581000848
2018-06,S Fkln,B DIVISION,1,4942,4956,0.997175141
2018-06,S Rock,B DIVISION,1,3366,3528,0.954081633
2018-06,Systemwide,Systemwide,1,119536,175778,0.680039595
2018-07,1,A DIVISION,1,6744,9823,0.68655197
2018-07,2,A DIVISION,1,3499,7469,0.468469675
2018-07,3,A DIVISION,1,3698,5803,0.637256591
2018-07,4,A DIVISION,1,4426,7934,0.557852281
2018-07,5,A DIVISION,1,4116,6909,0.595744681
2018-07,6,A DIVISION,1,7947,12019,0.661203095
2018-07,7,A DIVISION,1,9197,13168,0.698435601
2018-07,S 42nd,A DIVISION,1,12794,12838,0.996572675
2018-07,A,B DIVISION,1,4128,7628,0.541164132
2018-07,B,B DIVISION,1,2488,4061,0.612656981
2018-07,C,B DIVISION,1,2699,4200,0.642619048
2018-07,D,B DIVISION,1,2551,5587,0.456595669
2018-07,E,B DIVISION,1,4701,8470,0.55501771
2018-07,F,B DIVISION,1,3989,8200,0.486463415
2018-07,G,B DIVISION,1,4316,6027,0.716110835
2018-07,JZ,B DIVISION,1,3548,5911,0.600236847
2018-07,L,B DIVISION,1,10210,11503,0.887594541
2018-07,M,B DIVISION,1,3281,5628,0.582977967
2018-07,N,B DIVISION,1,5902,10130,0.582625864
2018-07,Q,B DIVISION,1,4807,6617,0.726462143
2018-07,R,B DIVISION,1,2900,5973,0.485518165
2018-07,S Fkln,B DIVISION,1,4952,4956,0.999192897
2018-07,S Rock,B DIVISION,1,3272,3614,0.905368013
2018-07,Systemwide,Systemwide,1,116165,174468,0.665824105
2018-08,1,A DIVISION,1,7866,10628,0.740120436
2018-08,2,A DIVISION,1,4655,8124,0.572993599
2018-08,3,A DIVISION,1,4524,6032,0.75
2018-08,4,A DIVISION,1,5679,8826,0.643439836
2018-08,5,A DIVISION,1,5009,7305,0.685694729
2018-08,6,A DIVISION,1,8980,12868,0.697855144
2018-08,7,A DIVISION,1,10411,14486,0.718693911
2018-08,S 42nd,A DIVISION,1,14010,14077,0.995240463
2018-08,A,B DIVISION,1,4470,8304,0.538294797
2018-08,B,B DIVISION,1,2492,4464,0.558243727
2018-08,C,B DIVISION,1,2746,4544,0.60431338
2018-08,D,B DIVISION,1,6134,9393,0.653039497
2018-08,E,B DIVISION,1,4894,9287,0.526973188
2018-08,F,B DIVISION,1,4501,8842,0.509047726
2018-08,G,B DIVISION,1,4753,6506,0.730556409
2018-08,JZ,B DIVISION,1,3692,6466,0.570986699
2018-08,L,B DIVISION,1,11559,12687,0.911090092
2018-08,M,B DIVISION,1,3806,6157,0.618158193
2018-08,N,B DIVISION,1,5720,10692,0.534979423
2018-08,Q,B DIVISION,1,4888,7245,0.674672187
2018-08,R,B DIVISION,1,2710,6525,0.41532567
2018-08,S Fkln,B DIVISION,1,5354,5392,0.992952522
2018-08,S Rock,B DIVISION,1,3732,3956,0.943377148
2018-08,Systemwide,Systemwide,1,132585,192806,0.687660135
2018-09,1,A DIVISION,1,6273,8603,0.729164245
2018-09,2,A DIVISION,1,3775,6605,0.571536715
2018-09,3,A DIVISION,1,3808,5265,0.723266857
2018-09,4,A DIVISION,1,4559,7634,0.597196751
2018-09,5,A DIVISION,1,3734,6095,0.612633306
2018-09,6,A DIVISION,1,7351,10701,0.686945145
2018-09,7,A DIVISION,1,9441,11953,0.789843554
2018-09,S 42nd,A DIVISION,1,11329,11377,0.995780962
2018-09,A,B DIVISION,1,3858,6746,0.571894456
2018-09,B,B DIVISION,1,2018,3628,0.556229327
2018-09,C,B DIVISION,1,2311,3799,0.608317978
2018-09,D,B DIVISION,1,4788,7262,0.659322501
2018-09,E,B DIVISION,1,4712,7673,0.614101395
2018-09,F,B DIVISION,1,3553,7054,0.503685852
2018-09,G,B DIVISION,1,3948,5330,0.740712946
2018-09,JZ,B DIVISION,1,2900,5287,0.548515226
2018-09,L,B DIVISION,1,9272,10014,0.925903735
2018-09,M,B DIVISION,1,3373,5103,0.660983735
2018-09,N,B DIVISION,1,4733,8647,0.547357465
2018-09,Q,B DIVISION,1,3835,5984,0.640875668
2018-09,R,B DIVISION,1,2536,5414,0.46841522
2018-09,S Fkln,B DIVISION,1,4398,4416,0.995923913
2018-09,S Rock,B DIVISION,1,3061,3193,0.958659568
2018-09,Systemwide,Systemwide,1,109566,157783,0.69440941
2018-10,1,A DIVISION,1,8156,10701,0.76217176
2018-10,2,A DIVISION,1,4802,7855,0.611330363
2018-10,3,A DIVISION,1,4726,6469,0.730561138
2018-10,4,A DIVISION,1,5330,8513,0.626101257
2018-10,5,A DIVISION,1,5159,7500,0.687866667
2018-10,6,A DIVISION,1,8768,12792,0.685428393
2018-10,7,A DIVISION,1,11014,14451,0.762161788
2018-10,S 42nd,A DIVISION,1,14278,14370,0.993597773
2018-10,A,B DIVISION,1,4579,8482,0.539849092
2018-10,B,B DIVISION,1,2439,4370,0.55812357
2018-10,C,B DIVISION,1,2918,4600,0.634347826
2018-10,D,B DIVISION,1,3277,6239,0.52524443
2018-10,E,B DIVISION,1,5924,9292,0.637537667
2018-10,F,B DIVISION,1,5056,8832,0.572463768
2018-10,G,B DIVISION,1,4524,6441,0.702375408
2018-10,JZ,B DIVISION,1,3500,6457,0.54204739
2018-10,L,B DIVISION,1,11091,11905,0.931625367
2018-10,M,B DIVISION,1,4132,6235,0.662710505
2018-10,N,B DIVISION,1,3609,6259,0.576609682
2018-10,Q,B DIVISION,1,5195,7494,0.693221244
2018-10,R,B DIVISION,1,3086,6435,0.47956488
2018-10,S Fkln,B DIVISION,1,5419,5428,0.998341931
2018-10,S Rock,B DIVISION,1,3646,3864,0.943581781
2018-10,Systemwide,Systemwide,1,130628,184984,0.70615837
2018-11,1,A DIVISION,1,7419,9970,0.744132397
2018-11,2,A DIVISION,1,4213,6906,0.610049233
2018-11,3,A DIVISION,1,4643,6315,0.735233571
2018-11,4,A DIVISION,1,4969,7911,0.628112754
2018-11,5,A DIVISION,1,4976,6849,0.72652942
2018-11,6,A DIVISION,1,7931,11737,0.675726336
2018-11,7,A DIVISION,1,9902,13240,0.747885196
2018-11,S 42nd,A DIVISION,1,12864,12912,0.996282528
2018-11,A,B DIVISION,1,4100,7837,0.523159372
2018-11,B,B DIVISION,1,2070,4070,0.508599509
2018-11,C,B DIVISION,1,2586,4200,0.615714286
2018-11,D,B DIVISION,1,3191,5850,0.545470085
2018-11,E,B DIVISION,1,5620,8588,0.65440149
2018-11,F,B DIVISION,1,4192,8205,0.510907983
2018-11,G,B DIVISION,1,4060,5882,0.690241414
2018-11,JZ,B DIVISION,1,3510,5861,0.598873912
2018-11,L,B DIVISION,1,10496,11053,0.949606442
2018-11,M,B DIVISION,1,3185,5642,0.564516129
2018-11,N,B DIVISION,1,5439,8948,0.607845329
2018-11,Q,B DIVISION,1,4672,6692,0.698147041
2018-11,R,B DIVISION,1,2778,5937,0.467913087
2018-11,S Fkln,B DIVISION,1,4573,4616,0.990684575
2018-11,S Rock,B DIVISION,1,3394,3528,0.962018141
2018-11,Systemwide,Systemwide,1,120783,172749,0.69918205
2018-12,1,A DIVISION,1,7225,9260,0.780237581
2018-12,2,A DIVISION,1,4238,6845,0.619138057
2018-12,3,A DIVISION,1,4379,5916,0.740196078
2018-12,4,A DIVISION,1,4649,7533,0.617151201
2018-12,5,A DIVISION,1,4592,6552,0.700854701
2018-12,6,A DIVISION,1,8078,11142,0.725004488
2018-12,7,A DIVISION,1,10804,12607,0.856984215
2018-12,S 42nd,A DIVISION,1,12209,12234,0.997956515
2018-12,A,B DIVISION,1,4419,7700,0.573896104
2018-12,B,B DIVISION,1,2417,3928,0.615325866
2018-12,C,B DIVISION,1,2524,4023,0.627392493
2018-12,D,B DIVISION,1,3391,5597,0.605860282
2018-12,E,B DIVISION,1,5250,8196,0.640556369
2018-12,F,B DIVISION,1,3361,7841,0.428644306
2018-12,G,B DIVISION,1,4336,5588,0.775948461
2018-12,JZ,B DIVISION,1,3315,5584,0.593660458
2018-12,L,B DIVISION,1,9404,10444,0.900421295
2018-12,M,B DIVISION,1,3450,5188,0.664996145
2018-12,N,B DIVISION,1,5767,9203,0.626643486
2018-12,Q,B DIVISION,1,5056,6444,0.784605835
2018-12,R,B DIVISION,1,3245,5543,0.585423056
2018-12,S Fkln,B DIVISION,1,4699,4720,0.995550847
2018-12,S Rock,B DIVISION,1,3235,3360,0.962797619
2018-12,Systemwide,Systemwide,1,120043,165448,0.725563319
2019-01,1,A DIVISION,1,8646,10164,0.850649351
2019-01,2,A DIVISION,1,5225,7222,0.7234838
2019-01,3,A DIVISION,1,5103,6176,0.826262953
2019-01,4,A DIVISION,1,5371,8136,0.660152409
2019-01,5,A DIVISION,1,5374,7222,0.744115204
2019-01,6,A DIVISION,1,8831,12238,0.721604837
2019-01,7,A DIVISION,1,11992,13694,0.875711991
2019-01,S 42nd,A DIVISION,1,14249,14270,0.998528381
2019-01,A,B DIVISION,1,5074,8367,0.606430023
2019-01,B,B DIVISION,1,2711,4326,0.626675913
2019-01,C,B DIVISION,1,3009,4400,0.683863636
2019-01,D,B DIVISION,1,4150,6158,0.673920104
2019-01,E,B DIVISION,1,6585,9007,0.731098035
2019-01,F,B DIVISION,1,4610,8623,0.534616723
2019-01,G,B DIVISION,1,4518,6160,0.733441558
2019-01,JZ,B DIVISION,1,4093,6141,0.666503827
2019-01,L,B DIVISION,1,10394,11522,0.90210033
2019-01,M,B DIVISION,1,4037,5765,0.700260191
2019-01,N,B DIVISION,1,6815,10152,0.671296296
2019-01,Q,B DIVISION,1,5729,6930,0.826695527
2019-01,R,B DIVISION,1,4162,6209,0.670317281
2019-01,S Fkln,B DIVISION,1,5161,5192,0.994029276
2019-01,S Rock,B DIVISION,1,3600,3696,0.974025974
2019-01,Systemwide,Systemwide,1,139439,181770,0.767117786
2019-02,1,A DIVISION,1,7336,8778,0.835725678
2019-02,2,A DIVISION,1,4550,6307,0.721420644
2019-02,3,A DIVISION,1,4706,5525,0.851764706
2019-02,4,A DIVISION,1,5220,7426,0.702935632
2019-02,5,A DIVISION,1,4712,6214,0.758287737
2019-02,6,A DIVISION,1,7883,10591,0.744311208
2019-02,7,A DIVISION,1,10622,11951,0.888795917
2019-02,S 42nd,A DIVISION,1,11770,11794,0.997965067
2019-02,A,B DIVISION,1,4406,7105,0.620126671
2019-02,B,B DIVISION,1,2144,3702,0.579146407
2019-02,C,B DIVISION,1,2566,3800,0.675263158
2019-02,D,B DIVISION,1,2948,5234,0.563240352
2019-02,E,B DIVISION,1,5840,7788,0.749871597
2019-02,F,B DIVISION,1,3885,7442,0.522037087
2019-02,G,B DIVISION,1,3835,5324,0.720323065
2019-02,JZ,B DIVISION,1,3483,5299,0.657293829
2019-02,L,B DIVISION,1,8873,10137,0.875308277
2019-02,M,B DIVISION,1,3529,5159,0.684047296
2019-02,N,B DIVISION,1,3443,5126,0.67167382
2019-02,Q,B DIVISION,1,4831,6209,0.7780641
2019-02,R,B DIVISION,1,3674,5377,0.68328064
2019-02,S Fkln,B DIVISION,1,4481,4484,0.999330955
2019-02,S Rock,B DIVISION,1,3108,3193,0.973379267
2019-02,Systemwide,Systemwide,1,117845,153965,0.765401228
2019-03,1,A DIVISION,1,8343,9702,0.859925788
2019-03,2,A DIVISION,1,4878,6780,0.719469027
2019-03,3,A DIVISION,1,4970,6240,0.796474359
2019-03,4,A DIVISION,1,5934,8034,0.738610904
2019-03,5,A DIVISION,1,5435,6894,0.788366696
2019-03,6,A DIVISION,1,8951,11862,0.754594503
2019-03,7,A DIVISION,1,12046,13237,0.91002493
2019-03,S 42nd,A DIVISION,1,12802,12844,0.996729991
2019-03,A,B DIVISION,1,4975,7897,0.629986071
2019-03,B,B DIVISION,1,2440,4016,0.607569721
2019-03,C,B DIVISION,1,2800,4088,0.684931507
2019-03,D,B DIVISION,1,3524,5754,0.612443518
2019-03,E,B DIVISION,1,6011,8609,0.69822279
2019-03,F,B DIVISION,1,4610,8226,0.560418186
2019-03,G,B DIVISION,1,4585,5873,0.780691299
2019-03,JZ,B DIVISION,1,4320,5855,0.737830914
2019-03,L,B DIVISION,1,9883,10890,0.907529844
2019-03,M,B DIVISION,1,4014,5695,0.704828797
2019-03,N,B DIVISION,1,4067,5637,0.721483058
2019-03,Q,B DIVISION,1,5425,6633,0.817880295
2019-03,R,B DIVISION,1,4027,5943,0.677603904
2019-03,S Fkln,B DIVISION,1,4935,4956,0.995762712
2019-03,S Rock,B DIVISION,1,3444,3528,0.976190476
2019-03,Systemwide,Systemwide,1,132419,169193,0.782650582
2019-04,1,A DIVISION,1,8830,10143,0.870551119
2019-04,1,A DIVISION,2,2138,2336,0.915239726
2019-04,2,A DIVISION,1,5420,7128,0.760381594
2019-04,2,A DIVISION,2,1022,1900,0.537894737
2019-04,3,A DIVISION,1,5335,6208,0.859375
2019-04,3,A DIVISION,2,913,1580,0.577848101
2019-04,4,A DIVISION,1,6163,8139,0.757218331
2019-04,4,A DIVISION,2,1589,2140,0.742523364
2019-04,5,A DIVISION,1,5887,7229,0.814358832
2019-04,5,A DIVISION,2,1288,1549,0.831504196
2019-04,6,A DIVISION,1,9401,12512,0.751358696
2019-04,6,A DIVISION,2,2360,3101,0.761044824
2019-04,7,A DIVISION,1,12444,13919,0.894029744
2019-04,7,A DIVISION,2,2600,2840,0.915492958
2019-04,S 42nd,A DIVISION,1,13430,13454,0.998216144
2019-04,S 42nd,A DIVISION,2,2727,2728,0.999633431
2019-04,A,B DIVISION,1,5432,8158,0.665849473
2019-04,A,B DIVISION,2,1985,2488,0.797829582
2019-04,B,B DIVISION,1,2813,4344,0.647559853
2019-04,C,B DIVISION,1,3205,4288,0.747434701
2019-04,C,B DIVISION,2,965,1314,0.734398782
2019-04,D,B DIVISION,1,3798,6029,0.629955216
2019-04,D,B DIVISION,2,1120,1680,0.666666667
2019-04,E,B DIVISION,1,6933,9023,0.768369722
2019-04,E,B DIVISION,2,1432,1695,0.844837758
2019-04,F,B DIVISION,1,5624,8904,0.631626235
2019-04,F,B DIVISION,2,1301,1674,0.777180406
2019-04,G,B DIVISION,1,5251,6439,0.815499301
2019-04,G,B DIVISION,2,1241,1446,0.858229599
2019-04,JZ,B DIVISION,1,4701,6143,0.765261273
2019-04,JZ,B DIVISION,2,1627,1800,0.903888889
2019-04,L,B DIVISION,1,10109,11094,0.911213268
2019-04,L,B DIVISION,2,2618,2862,0.914744934
2019-04,M,B DIVISION,1,4411,5965,0.739480302
2019-04,M,B DIVISION,2,1231,1353,0.909830007
2019-04,N,B DIVISION,1,6462,9432,0.685114504
2019-04,N,B DIVISION,2,1229,1692,0.726359338
2019-04,Q,B DIVISION,1,5724,6934,0.825497548
2019-04,Q,B DIVISION,2,1685,2008,0.839143426
2019-04,R,B DIVISION,1,3907,6224,0.627731362
2019-04,R,B DIVISION,2,1337,1720,0.777325581
2019-04,S Fkln,B DIVISION,1,5184,5192,0.998459168
2019-04,S Fkln,B DIVISION,2,1682,1696,0.991745283
2019-04,S Rock,B DIVISION,1,3579,3696,0.968344156
2019-04,S Rock,B DIVISION,2,1183,1200,0.985833333
2019-04,Systemwide,Systemwide,1,144043,180597,0.797593537
2019-04,Systemwide,Systemwide,2,35273,42802,0.824097005
2019-05,1,A DIVISION,1,8510,10157,0.837845821
2019-05,1,A DIVISION,2,2353,2610,0.901532567
2019-05,2,A DIVISION,1,5249,7128,0.736391695
2019-05,2,A DIVISION,2,974,2146,0.453867661
2019-05,3,A DIVISION,1,5190,6326,0.820423648
2019-05,3,A DIVISION,2,831,1254,0.662679426
2019-05,4,A DIVISION,1,6006,8120,0.739655172
2019-05,4,A DIVISION,2,1543,2388,0.646147404
2019-05,5,A DIVISION,1,5722,7184,0.796492205
2019-05,5,A DIVISION,2,1569,1857,0.844911147
2019-05,6,A DIVISION,1,9579,12575,0.761749503
2019-05,6,A DIVISION,2,2893,3372,0.857947805
2019-05,7,A DIVISION,1,13046,14423,0.904527491
2019-05,7,A DIVISION,2,2749,3208,0.8569202
2019-05,S 42nd,A DIVISION,1,13420,13454,0.997472871
2019-05,S 42nd,A DIVISION,2,3252,3253,0.999692591
2019-05,A,B DIVISION,1,5529,8373,0.660336797
2019-05,A,B DIVISION,2,2407,2742,0.877826404
2019-05,B,B DIVISION,1,2726,4292,0.635135135
2019-05,C,B DIVISION,1,3292,4400,0.748181818
2019-05,C,B DIVISION,2,1337,1548,0.86369509
2019-05,D,B DIVISION,1,3804,6028,0.631055076
2019-05,D,B DIVISION,2,1599,1886,0.847826087
2019-05,E,B DIVISION,1,7059,9020,0.782594235
2019-05,E,B DIVISION,2,1754,1894,0.926082365
2019-05,F,B DIVISION,1,5573,8621,0.646444728
2019-05,F,B DIVISION,2,1687,1874,0.900213447
2019-05,G,B DIVISION,1,4719,6380,0.739655172
2019-05,G,B DIVISION,2,1816,2318,0.783433995
2019-05,JZ,B DIVISION,1,4268,6138,0.695340502
2019-05,JZ,B DIVISION,2,1849,2004,0.922654691
2019-05,L,B DIVISION,1,9777,10670,0.916307404
2019-05,L,B DIVISION,2,2319,2358,0.98346056
2019-05,M,B DIVISION,1,4232,6087,0.695252177
2019-05,M,B DIVISION,2,2197,2479,0.886244453
2019-05,N,B DIVISION,1,7133,9911,0.719705378
2019-05,N,B DIVISION,2,1453,1889,0.769190048
2019-05,Q,B DIVISION,1,5968,6930,0.861183261
2019-05,Q,B DIVISION,2,2023,2328,0.868986254
2019-05,R,B DIVISION,1,4328,6219,0.695931822
2019-05,R,B DIVISION,2,1535,1944,0.789609053
2019-05,S Fkln,B DIVISION,1,4907,4920,0.997357724
2019-05,S Fkln,B DIVISION,2,1668,1668,1
2019-05,S Rock,B DIVISION,1,3106,3256,0.953931204
2019-05,S Rock,B DIVISION,2,1423,1467,0.970006817
2019-05,Systemwide,Systemwide,1,143143,180612,0.792544238
2019-05,Systemwide,Systemwide,2,41231,48487,0.850351641
2019-06,1,A DIVISION,1,7841,9489,0.826325219
2019-06,1,A DIVISION,2,2801,2976,0.941196237
2019-06,2,A DIVISION,1,4901,6480,0.75632716
2019-06,2,A DIVISION,2,1209,2456,0.492263844
2019-06,3,A DIVISION,1,4831,5896,0.819369064
2019-06,3,A DIVISION,2,1372,2090,0.65645933
2019-06,4,A DIVISION,1,5510,7451,0.739498054
2019-06,4,A DIVISION,2,1801,2670,0.674531835
2019-06,5,A DIVISION,1,5321,6527,0.815229049
2019-06,5,A DIVISION,2,1347,1647,0.817850638
2019-06,6,A DIVISION,1,8911,11235,0.793146417
2019-06,6,A DIVISION,2,2672,3282,0.814137721
2019-06,7,A DIVISION,1,11826,13113,0.901853123
2019-06,7,A DIVISION,2,3385,3799,0.891023954
2019-06,S 42nd,A DIVISION,1,12222,12234,0.999019127
2019-06,S 42nd,A DIVISION,2,3468,3470,0.999423631
2019-06,A,B DIVISION,1,4935,7524,0.655901116
2019-06,A,B DIVISION,2,2339,2885,0.810745234
2019-06,B,B DIVISION,1,2705,3848,0.702962578
2019-06,C,B DIVISION,1,2968,4000,0.742
2019-06,C,B DIVISION,2,1377,1659,0.830018083
2019-06,D,B DIVISION,1,3688,5479,0.673115532
2019-06,D,B DIVISION,2,1707,2100,0.812857143
2019-06,E,B DIVISION,1,6499,8194,0.793141323
2019-06,E,B DIVISION,2,1841,2100,0.876666667
2019-06,F,B DIVISION,1,5346,7838,0.68206175
2019-06,F,B DIVISION,2,1721,2090,0.823444976
2019-06,G,B DIVISION,1,4700,5790,0.811744387
2019-06,G,B DIVISION,2,2167,2544,0.851808176
2019-06,JZ,B DIVISION,1,4546,5579,0.814841369
2019-06,JZ,B DIVISION,2,1922,2240,0.858035714
2019-06,L,B DIVISION,1,9121,9670,0.943226474
2019-06,L,B DIVISION,2,2905,3040,0.955592105
2019-06,M,B DIVISION,1,4105,5518,0.74392896
2019-06,M,B DIVISION,2,2461,2676,0.919656203
2019-06,N,B DIVISION,1,6944,8877,0.782246254
2019-06,N,B DIVISION,2,1571,2227,0.705433318
2019-06,Q,B DIVISION,1,5547,6300,0.88047619
2019-06,Q,B DIVISION,2,2337,2664,0.877252252
2019-06,R,B DIVISION,1,3889,5590,0.695706619
2019-06,R,B DIVISION,2,1462,2080,0.702884615
2019-06,S Fkln,B DIVISION,1,4674,4720,0.990254237
2019-06,S Fkln,B DIVISION,2,1857,1868,0.994111349
2019-06,S Rock,B DIVISION,1,3243,3360,0.965178571
2019-06,S Rock,B DIVISION,2,1386,1519,0.912442396
2019-06,Systemwide,Systemwide,1,134273,164712,0.81519865
2019-06,Systemwide,Systemwide,2,45108,54082,0.834066787
2019-07,1,A DIVISION,1,8878,10412,0.852669996
2019-07,1,A DIVISION,2,4065,4398,0.924283765
2019-07,2,A DIVISION,1,5193,7310,0.710396717
2019-07,2,A DIVISION,2,969,2178,0.444903581
2019-07,3,A DIVISION,1,4898,6076,0.806122449
2019-07,3,A DIVISION,2,743,1050,0.707619048
2019-07,4,A DIVISION,1,6046,8124,0.744214673
2019-07,4,A DIVISION,2,1665,2458,0.677379984
2019-07,5,A DIVISION,1,5387,7158,0.752584521
2019-07,5,A DIVISION,2,1260,1458,0.864197531
2019-07,6,A DIVISION,1,9923,12264,0.809116112
2019-07,6,A DIVISION,2,2074,2558,0.810789679
2019-07,7,A DIVISION,1,13190,14370,0.917884482
2019-07,7,A DIVISION,2,2743,3300,0.831212121
2019-07,S 42nd,A DIVISION,1,13743,13828,0.993853052
2019-07,S 42nd,A DIVISION,2,3106,3145,0.987599364
2019-07,A,B DIVISION,1,5358,8304,0.645231214
2019-07,A,B DIVISION,2,1879,2570,0.731128405
2019-07,B,B DIVISION,1,2952,4300,0.686511628
2019-07,C,B DIVISION,1,3082,4400,0.700454545
2019-07,C,B DIVISION,2,1109,1435,0.7728223
2019-07,D,B DIVISION,1,4210,6103,0.689824676
2019-07,D,B DIVISION,2,1679,1988,0.844567404
2019-07,E,B DIVISION,1,7147,9020,0.792350333
2019-07,E,B DIVISION,2,1727,1896,0.910864979
2019-07,F,B DIVISION,1,5504,8624,0.638218924
2019-07,F,B DIVISION,2,1587,1902,0.834384858
2019-07,G,B DIVISION,1,5072,6381,0.79485974
2019-07,G,B DIVISION,2,2105,2414,0.871996686
2019-07,JZ,B DIVISION,1,5199,6138,0.847018573
2019-07,JZ,B DIVISION,2,1636,2028,0.806706114
2019-07,L,B DIVISION,1,10005,10738,0.931737754
2019-07,L,B DIVISION,2,2731,3112,0.877570694
2019-07,M,B DIVISION,1,4561,6077,0.750534803
2019-07,M,B DIVISION,2,2061,2468,0.835089141
2019-07,N,B DIVISION,1,7421,9529,0.778780565
2019-07,N,B DIVISION,2,1198,1943,0.616572311
2019-07,Q,B DIVISION,1,5978,6931,0.862501803
2019-07,Q,B DIVISION,2,1701,2344,0.725682594
2019-07,R,B DIVISION,1,4534,6180,0.733656958
2019-07,R,B DIVISION,2,1354,1860,0.727956989
2019-07,S Fkln,B DIVISION,1,5079,5120,0.991992188
2019-07,S Fkln,B DIVISION,2,1901,1922,0.989073881
2019-07,S Rock,B DIVISION,1,3540,3699,0.95701541
2019-07,S Rock,B DIVISION,2,1180,1351,0.873427091
2019-07,Systemwide,Systemwide,1,146900,181086,0.81121677
2019-07,Systemwide,Systemwide,2,40473,49778,0.813070031
2019-08,1,A DIVISION,1,9051,10264,0.881819953
2019-08,1,A DIVISION,2,2161,2478,0.872074253
2019-08,2,A DIVISION,1,5680,7462,0.761190029
2019-08,2,A DIVISION,2,1587,2506,0.633280128
2019-08,3,A DIVISION,1,4826,5626,0.857803057
2019-08,3,A DIVISION,2,172,214,0.803738318
2019-08,4,A DIVISION,1,6490,8136,0.797689282
2019-08,4,A DIVISION,2,1574,2418,0.650951199
2019-08,5,A DIVISION,1,5932,7256,0.81753032
2019-08,5,A DIVISION,2,2599,2860,0.908741259
2019-08,6,A DIVISION,1,10673,12239,0.87204837
2019-08,6,A DIVISION,2,2240,2558,0.875684128
2019-08,7,A DIVISION,1,13279,14422,0.920746082
2019-08,7,A DIVISION,2,3233,3498,0.924242424
2019-08,S 42nd,A DIVISION,1,13216,13284,0.99488106
2019-08,S 42nd,A DIVISION,2,3648,3659,0.996993714
2019-08,A,B DIVISION,1,6039,8245,0.732443905
2019-08,A,B DIVISION,2,2162,2650,0.815849057
2019-08,B,B DIVISION,1,3266,4392,0.743624772
2019-08,C,B DIVISION,1,3440,4400,0.781818182
2019-08,C,B DIVISION,2,1107,1512,0.732142857
2019-08,D,B DIVISION,1,4585,6091,0.752749959
2019-08,D,B DIVISION,2,1578,1894,0.833157339
2019-08,E,B DIVISION,1,7508,9004,0.833851622
2019-08,E,B DIVISION,2,1771,1900,0.932105263
2019-08,F,B DIVISION,1,5323,8622,0.617374159
2019-08,F,B DIVISION,2,1633,1888,0.864936441
2019-08,G,B DIVISION,1,5318,6380,0.83354232
2019-08,G,B DIVISION,2,2151,2362,0.910668925
2019-08,JZ,B DIVISION,1,5115,6129,0.834557024
2019-08,JZ,B DIVISION,2,1789,2028,0.882149901
2019-08,L,B DIVISION,1,9956,10850,0.917603687
2019-08,L,B DIVISION,2,2484,2632,0.943768997
2019-08,M,B DIVISION,1,4409,6070,0.726359143
2019-08,M,B DIVISION,2,1733,2507,0.69126446
2019-08,N,B DIVISION,1,8036,9625,0.834909091
2019-08,N,B DIVISION,2,1636,2002,0.817182817
2019-08,Q,B DIVISION,1,6090,6930,0.878787879
2019-08,Q,B DIVISION,2,2105,2340,0.89957265
2019-08,R,B DIVISION,1,4700,6174,0.761256884
2019-08,R,B DIVISION,2,1611,1864,0.864270386
2019-08,S Fkln,B DIVISION,1,5175,5192,0.996725732
2019-08,S Fkln,B DIVISION,2,1869,1922,0.972424558
2019-08,S Rock,B DIVISION,1,3515,3696,0.951028139
2019-08,S Rock,B DIVISION,2,1257,1419,0.885835095
2019-08,Systemwide,Systemwide,1,151622,180489,0.840062275
2019-08,Systemwide,Systemwide,2,42100,49111,0.857241758
2019-09,1,A DIVISION,1,8458,9343,0.905276678
2019-09,1,A DIVISION,2,2755,2884,0.955270458
2019-09,2,A DIVISION,1,5146,6580,0.782066869
2019-09,2,A DIVISION,2,1473,2358,0.624681934
2019-09,3,A DIVISION,1,5070,5727,0.885280251
2019-09,3,A DIVISION,2,1510,2080,0.725961538
2019-09,4,A DIVISION,1,5711,7504,0.761060768
2019-09,4,A DIVISION,2,1900,3135,0.606060606
2019-09,5,A DIVISION,1,5144,6541,0.786424094
2019-09,5,A DIVISION,2,1793,2048,0.875488281
2019-09,6,A DIVISION,1,8834,11261,0.7844774
2019-09,6,A DIVISION,2,3004,3698,0.81233099
2019-09,7,A DIVISION,1,12592,13113,0.960268436
2019-09,7,A DIVISION,2,3776,3974,0.950176145
2019-09,S 42nd,A DIVISION,1,10280,10329,0.995256075
2019-09,S 42nd,A DIVISION,2,3356,3356,1
2019-09,A,B DIVISION,1,4953,7511,0.659432832
2019-09,A,B DIVISION,2,2589,3023,0.856434006
2019-09,B,B DIVISION,1,2746,3928,0.699083503
2019-09,C,B DIVISION,1,2999,4000,0.74975
2019-09,C,B DIVISION,2,1273,1544,0.824481865
2019-09,D,B DIVISION,1,3729,5480,0.680474453
2019-09,D,B DIVISION,2,1753,2092,0.837954111
2019-09,E,B DIVISION,1,6534,8213,0.795568002
2019-09,E,B DIVISION,2,1932,2086,0.926174497
2019-09,F,B DIVISION,1,5230,7829,0.668029122
2019-09,F,B DIVISION,2,1770,2077,0.85219066
2019-09,G,B DIVISION,1,4581,5799,0.789963787
2019-09,G,B DIVISION,2,2181,2556,0.853286385
2019-09,JZ,B DIVISION,1,4726,5580,0.846953405
2019-09,JZ,B DIVISION,2,1923,2216,0.867779783
2019-09,L,B DIVISION,1,9137,10066,0.90770912
2019-09,L,B DIVISION,2,2709,2876,0.941933241
2019-09,M,B DIVISION,1,4344,5594,0.7765463
2019-09,M,B DIVISION,2,2424,2742,0.884026258
2019-09,N,B DIVISION,1,7410,9233,0.802556049
2019-09,N,B DIVISION,2,1787,2107,0.848125297
2019-09,Q,B DIVISION,1,5470,6300,0.868253968
2019-09,Q,B DIVISION,2,2121,2484,0.853864734
2019-09,R,B DIVISION,1,4373,5647,0.774393483
2019-09,R,B DIVISION,2,1873,2160,0.86712963
2019-09,S Fkln,B DIVISION,1,4708,4720,0.997457627
2019-09,S Fkln,B DIVISION,2,2082,2092,0.995219885
2019-09,S Rock,B DIVISION,1,2832,2940,0.963265306
2019-09,S Rock,B DIVISION,2,963,1010,0.953465347
2019-09,Systemwide,Systemwide,1,135007,163238,0.8270562
2019-09,Systemwide,Systemwide,2,46947,54598,0.859866662
2019-10,1,A DIVISION,1,9140,10626,0.860154338
2019-10,1,A DIVISION,2,2159,2328,0.927405498
2019-10,2,A DIVISION,1,5981,7571,0.789988113
2019-10,2,A DIVISION,2,1096,1900,0.576842105
2019-10,3,A DIVISION,1,5899,6638,0.888671287
2019-10,3,A DIVISION,2,1355,1668,0.81235012
2019-10,4,A DIVISION,1,6583,8507,0.773833314
2019-10,4,A DIVISION,2,1497,2136,0.700842697
2019-10,5,A DIVISION,1,6088,7543,0.807105926
2019-10,5,A DIVISION,2,1661,1978,0.839737108
2019-10,6,A DIVISION,1,9878,12821,0.770454723
2019-10,6,A DIVISION,2,2392,2680,0.892537313
2019-10,7,A DIVISION,1,13228,15062,0.878236622
2019-10,7,A DIVISION,2,2431,2914,0.834248456
2019-10,S 42nd,A DIVISION,1,11616,11816,0.983073798
2019-10,S 42nd,A DIVISION,2,2859,2864,0.99825419
2019-10,A,B DIVISION,1,5693,8670,0.656632065
2019-10,A,B DIVISION,2,1965,2324,0.845524957
2019-10,B,B DIVISION,1,2973,4486,0.662728489
2019-10,C,B DIVISION,1,3449,4600,0.749782609
2019-10,C,B DIVISION,2,1135,1316,0.862462006
2019-10,D,B DIVISION,1,3950,6302,0.626785148
2019-10,D,B DIVISION,2,1214,1680,0.722619048
2019-10,E,B DIVISION,1,7398,9430,0.784517497
2019-10,E,B DIVISION,2,1553,1680,0.924404762
2019-10,F,B DIVISION,1,6097,8990,0.678197998
2019-10,F,B DIVISION,2,1443,1673,0.862522415
2019-10,G,B DIVISION,1,5285,6670,0.792353823
2019-10,G,B DIVISION,2,1780,2080,0.855769231
2019-10,JZ,B DIVISION,1,5284,6413,0.823951349
2019-10,JZ,B DIVISION,2,1497,1792,0.835379464
2019-10,L,B DIVISION,1,10568,11280,0.936879433
2019-10,L,B DIVISION,2,2249,2370,0.948945148
2019-10,M,B DIVISION,1,5217,6512,0.801136364
2019-10,M,B DIVISION,2,1844,2212,0.83363472
2019-10,N,B DIVISION,1,8622,11003,0.783604472
2019-10,N,B DIVISION,2,1278,1743,0.733218589
2019-10,Q,B DIVISION,1,6089,7324,0.831376297
2019-10,Q,B DIVISION,2,1608,2008,0.800796813
2019-10,R,B DIVISION,1,4988,6487,0.76892246
2019-10,R,B DIVISION,2,1516,1728,0.877314815
2019-10,S Fkln,B DIVISION,1,5412,5428,0.997052321
2019-10,S Fkln,B DIVISION,2,1694,1696,0.998820755
2019-10,S Rock,B DIVISION,1,3652,3744,0.97542735
2019-10,S Rock,B DIVISION,2,1149,1177,0.976210705
2019-10,Systemwide,Systemwide,1,153090,187923,0.814642167
2019-10,Systemwide,Systemwide,2,37375,43947,0.850456231
2019-11,1,A DIVISION,1,7736,9192,0.841601393
2019-11,1,A DIVISION,2,2600,2926,0.888585099
2019-11,2,A DIVISION,1,5524,6805,0.811756062
2019-11,2,A DIVISION,2,2140,3271,0.654234179
2019-11,3,A DIVISION,1,5243,5874,0.89257746
2019-11,3,A DIVISION,2,1101,1460,0.754109589
2019-11,4,A DIVISION,1,5669,7400,0.766081081
2019-11,4,A DIVISION,2,1896,2676,0.708520179
2019-11,5,A DIVISION,1,5215,6559,0.795090715
2019-11,5,A DIVISION,2,1874,2259,0.829570606
2019-11,6,A DIVISION,1,8596,11088,0.775252525
2019-11,6,A DIVISION,2,2459,2826,0.870134466
2019-11,7,A DIVISION,1,12081,13081,0.923553245
2019-11,7,A DIVISION,2,3563,3792,0.939609705
2019-11,S 42nd,A DIVISION,1,10353,10556,0.980769231
2019-11,S 42nd,A DIVISION,2,3674,3674,1
2019-11,A,B DIVISION,1,5001,7495,0.66724483
2019-11,A,B DIVISION,2,2301,2811,0.818569904
2019-11,B,B DIVISION,1,2426,3859,0.628660275
2019-11,C,B DIVISION,1,2948,3860,0.76373057
2019-11,C,B DIVISION,2,1189,1570,0.757324841
2019-11,D,B DIVISION,1,3990,5916,0.674442191
2019-11,D,B DIVISION,2,2234,2544,0.878144654
2019-11,E,B DIVISION,1,6425,8200,0.783536585
2019-11,E,B DIVISION,2,1851,2103,0.880171184
2019-11,F,B DIVISION,1,5593,7838,0.713574892
2019-11,F,B DIVISION,2,1666,2097,0.794468288
2019-11,G,B DIVISION,1,4443,5804,0.765506547
2019-11,G,B DIVISION,2,2052,2571,0.798133022
2019-11,JZ,B DIVISION,1,4597,5580,0.823835125
2019-11,JZ,B DIVISION,2,2050,2246,0.912733749
2019-11,L,B DIVISION,1,9482,9956,0.952390518
2019-11,L,B DIVISION,2,2615,2816,0.928622159
2019-11,M,B DIVISION,1,4555,5630,0.809058615
2019-11,M,B DIVISION,2,2393,2712,0.882374631
2019-11,N,B DIVISION,1,6886,9213,0.747422121
2019-11,N,B DIVISION,2,1531,2366,0.647083686
2019-11,Q,B DIVISION,1,5181,6346,0.816419792
2019-11,Q,B DIVISION,2,2388,2526,0.945368171
2019-11,R,B DIVISION,1,4263,5622,0.758271078
2019-11,R,B DIVISION,2,1509,2082,0.724783862
2019-11,S Fkln,B DIVISION,1,4676,4720,0.990677966
2019-11,S Fkln,B DIVISION,2,2091,2126,0.983537159
2019-11,S Rock,B DIVISION,1,3085,3240,0.952160494
2019-11,S Rock,B DIVISION,2,1497,1521,0.984220907
2019-11,Systemwide,Systemwide,1,133968,163834,0.817705727
2019-11,Systemwide,Systemwide,2,46674,54975,0.849004093
2019-12,1,A DIVISION,1,8224,9752,0.843314192
2019-12,1,A DIVISION,2,2673,2884,0.926837725
2019-12,2,A DIVISION,1,5268,6833,0.770964437
2019-12,2,A DIVISION,2,1813,2796,0.648426323
2019-12,3,A DIVISION,1,5435,6304,0.862151015
2019-12,3,A DIVISION,2,1056,1390,0.75971223
2019-12,4,A DIVISION,1,6137,7771,0.789731051
2019-12,4,A DIVISION,2,2046,2640,0.775
2019-12,5,A DIVISION,1,5555,6886,0.806709265
2019-12,5,A DIVISION,2,2224,2485,0.894969819
2019-12,6,A DIVISION,1,8998,11696,0.769322845
2019-12,6,A DIVISION,2,2485,2780,0.893884892
2019-12,7,A DIVISION,1,12163,13646,0.891323465
2019-12,7,A DIVISION,2,3522,3704,0.950863931
2019-12,S 42nd,A DIVISION,1,11079,11264,0.983575994
2019-12,S 42nd,A DIVISION,2,3558,3560,0.999438202
2019-12,A,B DIVISION,1,5223,7984,0.654183367
2019-12,A,B DIVISION,2,2995,3690,0.811653117
2019-12,B,B DIVISION,1,2575,4088,0.629892368
2019-12,C,B DIVISION,1,2968,4222,0.702984368
2019-12,C,B DIVISION,2,1213,1548,0.783591731
2019-12,D,B DIVISION,1,3629,5764,0.629597502
2019-12,D,B DIVISION,2,2019,2276,0.887082601
2019-12,E,B DIVISION,1,6677,8610,0.775493612
2019-12,E,B DIVISION,2,1905,2088,0.912356322
2019-12,F,B DIVISION,1,5516,8230,0.670230863
2019-12,F,B DIVISION,2,1726,2076,0.831406551
2019-12,G,B DIVISION,1,4431,6090,0.727586207
2019-12,G,B DIVISION,2,2041,2558,0.797888976
2019-12,JZ,B DIVISION,1,4570,5842,0.782266347
2019-12,JZ,B DIVISION,2,1918,2218,0.864743012
2019-12,L,B DIVISION,1,9822,10291,0.954426198
2019-12,L,B DIVISION,2,2719,2804,0.969686163
2019-12,M,B DIVISION,1,4811,6059,0.794025417
2019-12,M,B DIVISION,2,2441,2691,0.907097733
2019-12,N,B DIVISION,1,6791,9624,0.705631754
2019-12,N,B DIVISION,2,1607,2190,0.733789954
2019-12,Q,B DIVISION,1,5498,6621,0.830388159
2019-12,Q,B DIVISION,2,1798,2454,0.732681337
2019-12,R,B DIVISION,1,4253,5943,0.715631836
2019-12,R,B DIVISION,2,1847,2160,0.855092593
2019-12,S Fkln,B DIVISION,1,4944,4956,0.997578692
2019-12,S Fkln,B DIVISION,2,2072,2092,0.990439771
2019-12,S Rock,B DIVISION,1,3379,3528,0.95776644
2019-12,S Rock,B DIVISION,2,1497,1544,0.969559585
2019-12,Systemwide,Systemwide,1,137946,172004,0.801992977
2019-12,Systemwide,Systemwide,2,47175,54628,0.863568134
